/*
Navicat MySQL Data Transfer

Source Server         : localhost_3306
Source Server Version : 50022
Source Host           : localhost:3306
Source Database       : paper_manager_db

Target Server Type    : MYSQL
Target Server Version : 50022
File Encoding         : 65001

Date: 2019-03-12 15:34:10
*/

SET FOREIGN_KEY_CHECKS=0;

-- ----------------------------
-- Table structure for `sys_resource`
-- ----------------------------
DROP TABLE IF EXISTS `sys_resource`;
CREATE TABLE `sys_resource` (
  `id` int(32) NOT NULL auto_increment COMMENT 'ID',
  `parent_id` int(32) default NULL COMMENT '上级ID',
  `name` varchar(200) NOT NULL COMMENT '名称',
  `code` varchar(20) default NULL COMMENT '编码',
  `url` varchar(300) default NULL COMMENT '地址',
  `description` varchar(500) default NULL COMMENT '描述',
  `seq` tinyint(3) default NULL COMMENT '顺序',
  `create_time` datetime default NULL COMMENT '创建时间',
  `update_time` datetime default NULL COMMENT '更新时间',
  PRIMARY KEY  (`id`),
  KEY `FK82F48D4018AAE629` (`parent_id`),
  CONSTRAINT `FK82F48D4018AAE629` FOREIGN KEY (`parent_id`) REFERENCES `sys_resource` (`id`)
) ENGINE=InnoDB DEFAULT CHARSET=utf8 COMMENT='资源权限表';

-- ----------------------------
-- Records of sys_resource
-- ----------------------------
INSERT INTO `sys_resource` VALUES ('1', null, '货单管理', null, '#', null, '1', '2018-05-10 00:15:08', '2018-05-10 00:15:10');
INSERT INTO `sys_resource` VALUES ('2', null, '用户管理', null, '#', null, '3', '2018-05-10 11:56:27', '2018-05-10 11:56:29');
INSERT INTO `sys_resource` VALUES ('3', null, '统计分析', null, '#', null, '4', '2018-05-10 11:57:40', '2018-05-10 11:57:35');
INSERT INTO `sys_resource` VALUES ('4', null, '产品管理', null, '#', null, '2', '2018-05-10 11:57:41', '2018-05-10 11:57:37');
INSERT INTO `sys_resource` VALUES ('5', '1', '货单列表', null, './../jsp/order/orderManagerList.jsp', null, '3', '2018-05-10 12:00:08', '2018-05-10 12:00:10');
INSERT INTO `sys_resource` VALUES ('6', '1', '客户管理', null, './../jsp/order/customerManagerList.jsp', null, '2', '2018-05-10 12:01:08', '2018-05-10 12:01:12');
INSERT INTO `sys_resource` VALUES ('7', '1', '业务员管理', null, './../jsp/order/salesmanList.jsp', null, '1', '2018-06-04 15:26:56', '2018-06-04 15:26:59');
INSERT INTO `sys_resource` VALUES ('8', '4', '产品列表', null, './../jsp/product/productManagerList.jsp', null, '1', '2018-06-05 06:44:14', '2018-06-05 06:44:17');
INSERT INTO `sys_resource` VALUES ('9', '2', '用户列表', null, './../jsp/user/userManagerList.jsp', null, '1', '2018-07-06 15:45:32', '2018-07-06 15:45:34');

-- ----------------------------
-- Table structure for `sys_role`
-- ----------------------------
DROP TABLE IF EXISTS `sys_role`;
CREATE TABLE `sys_role` (
  `id` int(32) NOT NULL auto_increment COMMENT '主键ID',
  `name` varchar(100) NOT NULL COMMENT '名称',
  `creater_name` varchar(50) default NULL COMMENT '创建人',
  `description` varchar(200) default NULL COMMENT '描述',
  `create_time` datetime default NULL COMMENT '创建时间',
  `update_time` datetime default NULL COMMENT '更新时间',
  PRIMARY KEY  (`id`)
) ENGINE=InnoDB DEFAULT CHARSET=utf8 COMMENT='角色表';

-- ----------------------------
-- Records of sys_role
-- ----------------------------
INSERT INTO `sys_role` VALUES ('1', '厂长', '管理员', '管理员角色', '2018-05-09 23:26:07', '2018-05-09 23:26:09');
INSERT INTO `sys_role` VALUES ('2', '跟单', '管理员', '用户角色', '2018-05-09 23:27:09', '2018-05-09 23:27:11');

-- ----------------------------
-- Table structure for `sys_role_resource`
-- ----------------------------
DROP TABLE IF EXISTS `sys_role_resource`;
CREATE TABLE `sys_role_resource` (
  `role_id` int(32) NOT NULL,
  `resource_id` int(32) NOT NULL,
  PRIMARY KEY  (`resource_id`,`role_id`),
  KEY `FKB804BFC5E6D9C045` (`resource_id`),
  KEY `FKB804BFC5B2C9E4C5` (`role_id`),
  CONSTRAINT `FKB804BFC5B2C9E4C5` FOREIGN KEY (`role_id`) REFERENCES `sys_role` (`id`),
  CONSTRAINT `FKB804BFC5E6D9C045` FOREIGN KEY (`resource_id`) REFERENCES `sys_resource` (`id`)
) ENGINE=InnoDB DEFAULT CHARSET=utf8 COMMENT='资源角色对应关系表';

-- ----------------------------
-- Records of sys_role_resource
-- ----------------------------
INSERT INTO `sys_role_resource` VALUES ('1', '1');
INSERT INTO `sys_role_resource` VALUES ('2', '1');
INSERT INTO `sys_role_resource` VALUES ('1', '2');
INSERT INTO `sys_role_resource` VALUES ('1', '3');
INSERT INTO `sys_role_resource` VALUES ('1', '4');
INSERT INTO `sys_role_resource` VALUES ('1', '5');
INSERT INTO `sys_role_resource` VALUES ('2', '5');
INSERT INTO `sys_role_resource` VALUES ('1', '6');
INSERT INTO `sys_role_resource` VALUES ('2', '6');
INSERT INTO `sys_role_resource` VALUES ('1', '7');
INSERT INTO `sys_role_resource` VALUES ('1', '8');

-- ----------------------------
-- Table structure for `sys_user`
-- ----------------------------
DROP TABLE IF EXISTS `sys_user`;
CREATE TABLE `sys_user` (
  `id` int(11) NOT NULL auto_increment COMMENT 'ID',
  `account` varchar(20) NOT NULL COMMENT '登录账号',
  `password` varchar(255) NOT NULL COMMENT '密码',
  `role_id` int(11) default NULL COMMENT '角色ID',
  `name` varchar(500) default '' COMMENT '姓名',
  `city_id` varchar(4) default NULL COMMENT '地市（区分地市管理员）',
  `description` varchar(500) default NULL COMMENT '描述',
  `create_id` int(32) NOT NULL COMMENT '创建人ID',
  `phone` varchar(20) default NULL COMMENT '电话',
  `email` varchar(60) default NULL COMMENT '邮箱',
  `create_time` datetime default NULL COMMENT '创建时间',
  `update_time` datetime default NULL COMMENT '更新时间',
  `state` int(2) default '0' COMMENT '状态：-1删除，0：未登录，1：登陆过',
  PRIMARY KEY  (`id`),
  KEY `FK74A81DFDB2C9E4C5` (`role_id`),
  CONSTRAINT `FK74A81DFDB2C9E4C5` FOREIGN KEY (`role_id`) REFERENCES `sys_role` (`id`)
) ENGINE=InnoDB DEFAULT CHARSET=utf8 COMMENT='用户表';

-- ----------------------------
-- Records of sys_user
-- ----------------------------
INSERT INTO `sys_user` VALUES ('1', 'admin0', 'E10ADC3949BA59ABBE56E057F20F883E', '1', '厂长', '200', ' ', '1', ' ', null, '2018-05-09 23:24:19', '2018-05-09 23:24:22', '0');
INSERT INTO `sys_user` VALUES ('2', 'user01', 'E10ADC3949BA59ABBE56E057F20F883E', '2', '跟单01', null, '', '1', '', null, '2018-07-06 17:00:55', '2019-01-09 14:35:54', '0');
INSERT INTO `sys_user` VALUES ('3', 'user02', 'D41D8CD98F00B204E9800998ECF8427E', '2', '土大土大土大土大土大在在', null, '', '1', '', null, '2018-07-06 17:08:09', '2018-07-06 17:31:04', '-1');

-- ----------------------------
-- Table structure for `t_customer`
-- ----------------------------
DROP TABLE IF EXISTS `t_customer`;
CREATE TABLE `t_customer` (
  `id` int(12) NOT NULL auto_increment,
  `cust_name` varchar(1000) default NULL COMMENT '客户名称',
  `address` varchar(3000) default NULL COMMENT '客户地址',
  `delivery_address` varchar(3000) default NULL COMMENT '实际送货地址',
  `phone` varchar(30) default NULL COMMENT '联系方式',
  `type` varchar(2) default NULL COMMENT '类型:批发(P),零售(L)',
  `sex` varchar(2) default NULL COMMENT '性别：M:男F:女',
  `sales_id` int(12) default NULL COMMENT '所属业务员ID',
  `email` varchar(200) default NULL COMMENT '客户邮箱',
  `memo` varchar(5000) default NULL COMMENT '备注',
  `create_time` datetime default NULL COMMENT '创建时间',
  `update_time` datetime default NULL COMMENT '修改时间',
  `state` int(1) default '0' COMMENT '-1:已删除0:正常',
  PRIMARY KEY  (`id`),
  KEY `FKDACDF349480A2971` (`sales_id`)
) ENGINE=InnoDB DEFAULT CHARSET=utf8 COMMENT='客户表';

-- ----------------------------
-- Records of t_customer
-- ----------------------------
INSERT INTO `t_customer` VALUES ('1', '陈天河d', '广东省广州市天河区', 'd', '18145556888', 'P', null, '1', null, '200', '2018-05-11 23:57:51', '2018-05-12 14:38:41', '0');
INSERT INTO `t_customer` VALUES ('2', '周天d', '大广东省广州市天河区广东省广州市天河区广东省广州市天河区广东省广州市天河区广东省广州市天河区广东省广州市天河区', 'f', null, 'L', null, '2', null, null, '2018-05-12 23:58:02', '2018-05-12 16:58:01', '0');
INSERT INTO `t_customer` VALUES ('3', '大规模生活', '广东省黄埔区东区', 'dfs', '18142816766', 'P', 'F', '3', '', '正常df', '2018-06-04 11:37:51', '2018-06-05 06:22:06', '0');
INSERT INTO `t_customer` VALUES ('4', '大生活', '湖南省衡阳市三大市地', '湖南省衡阳市三大市地', '13399990019', 'L', 'F', '2', '', '大规模需要需要', '2018-06-04 11:55:46', '2018-07-05 22:44:30', '0');
INSERT INTO `t_customer` VALUES ('8', '大数据', '江苏省扬州市', '江苏省扬州市', '18922292158', 'P', 'M', '1', '', '压力', '2018-06-04 12:07:23', '2018-07-05 22:23:02', '0');
INSERT INTO `t_customer` VALUES ('9', '社区中心2', '海南省海口市', '海南省海口市', '18143814567', 'L', 'F', '1', '', '需要', '2018-06-04 12:14:52', '2018-07-05 17:57:30', '0');
INSERT INTO `t_customer` VALUES ('10', '天上', '海南省海口市无法街', '海南省海口市无法街砝码', '18143814567', 'L', 'F', '1', '', '需要', '2018-06-04 14:30:30', '2019-01-09 15:01:03', '0');
INSERT INTO `t_customer` VALUES ('11', '社区中心', '海南省海口市无法街', '海南省海口市无法街', '18143814567', 'L', 'M', '2', '', '需要', '2018-06-04 14:30:43', '2018-07-05 17:10:52', '0');
INSERT INTO `t_customer` VALUES ('12', '大生活大', '湖南省衡阳市三水街', '湖南省衡阳市三水街', '13399990019', 'P', 'M', '2', '', '大规模', '2018-06-04 14:33:23', '2018-07-17 17:02:04', '0');
INSERT INTO `t_customer` VALUES ('13', '枯土', '基本原则', '基本原则', '18143816043', 'L', 'F', '2', '', '需要的', '2018-06-04 17:15:47', '2018-07-07 02:05:56', '0');
INSERT INTO `t_customer` VALUES ('14', '王蒙', '河南省大津市', '河南省大津市', '13399990019', 'P', 'M', '2', '', '欢笑', '2018-06-05 06:25:11', '2018-08-11 15:59:46', '0');
INSERT INTO `t_customer` VALUES ('15', '山岗', '广东省珠海市高新区', '未dsafads', '13399990019', 'P', 'M', '4', '', '在', '2018-06-05 06:35:23', '2019-01-09 15:00:02', '0');
INSERT INTO `t_customer` VALUES ('16', 'dsf', 'sd', '海南省海口市', 'sdf', 'P', 'M', '5', '', '', '2018-07-13 15:00:07', '2018-07-17 16:53:41', '0');
INSERT INTO `t_customer` VALUES ('17', 'dsaf', 'sadf', 'sadf', '133999900193232', 'P', 'M', '5', '', '', '2018-09-28 12:56:00', '2018-09-28 13:06:20', '0');

-- ----------------------------
-- Table structure for `t_deliveryman`
-- ----------------------------
DROP TABLE IF EXISTS `t_deliveryman`;
CREATE TABLE `t_deliveryman` (
  `id` int(12) NOT NULL auto_increment,
  `delivery_name` varchar(1000) default NULL COMMENT '送货员名称',
  `carNo` varchar(50) default NULL COMMENT '送货车牌号',
  `phone` varchar(30) default NULL COMMENT '联系方式',
  `sex` varchar(2) default NULL COMMENT '性别：M:男F:女',
  `address` varchar(3000) default NULL COMMENT '送货员地址',
  `email` varchar(200) default NULL COMMENT '邮箱',
  `create_time` datetime default NULL COMMENT '创建时间',
  `update_time` datetime default NULL COMMENT '修改时间',
  `state` int(1) default '0' COMMENT '-1:已删除0:正常',
  `memo` text COMMENT '备注',
  PRIMARY KEY  (`id`)
) ENGINE=InnoDB DEFAULT CHARSET=utf8 COMMENT='送货员表';

-- ----------------------------
-- Records of t_deliveryman
-- ----------------------------

-- ----------------------------
-- Table structure for `t_order`
-- ----------------------------
DROP TABLE IF EXISTS `t_order`;
CREATE TABLE `t_order` (
  `id` int(12) NOT NULL auto_increment,
  `order_number` varchar(100) NOT NULL COMMENT '货单编号',
  `price` double default NULL COMMENT '总价（元）',
  `price_upper` varchar(1000) default NULL COMMENT '总价大写',
  `user_id` int(12) default NULL COMMENT '关联用户ID（制单员）',
  `sales_id` int(12) default NULL COMMENT '业务员ID（业务员）',
  `customer_id` int(12) NOT NULL COMMENT '关联客户ID（送货客户的ID）',
  `customer_phone` varchar(255) default NULL COMMENT '客户联系方式',
  `delivery_address` varchar(3000) default NULL COMMENT '实际送货地址',
  `delivery_phone` varchar(50) default NULL COMMENT '送货员联系方式',
  `payment_type` varchar(40) default NULL COMMENT '付款方式',
  `deliver_type` varchar(40) default NULL COMMENT '送货方式',
  `deliver_date` datetime default NULL COMMENT '送货日期',
  `state` int(2) default '0' COMMENT '状态：-1：删除，0：正常',
  `create_time` datetime default NULL COMMENT '创建时间',
  `update_time` datetime default NULL COMMENT '修改时间',
  PRIMARY KEY  (`id`),
  KEY `idx_order_number` (`order_number`),
  KEY `idx_customer_phone` (`customer_phone`),
  KEY `idx_customer_id` (`customer_id`),
  KEY `idx_sales_id` (`sales_id`)
) ENGINE=InnoDB DEFAULT CHARSET=utf8 COMMENT='货单表';

-- ----------------------------
-- Records of t_order
-- ----------------------------
INSERT INTO `t_order` VALUES ('1', 'ZL180703000001', '422176', '肆拾贰万贰仟壹佰柒拾陆元整', '1', '2', '12', '13399990019', '湖南省衡阳市三水街', '13922177479', '货到付款', '秦超/A5QB65', '2018-07-03 00:00:00', '0', '2018-07-03 11:52:56', '2018-07-03 11:52:56');
INSERT INTO `t_order` VALUES ('2', 'ZL180703000002', '102453', '壹拾万零贰仟肆佰伍拾叁元整', '1', '4', '15', '13399990019', '未魂牵梦萦未魂牵梦萦未魂牵梦萦未魂牵梦萦未魂牵梦萦未魂牵梦萦', '13942177479', '货到付款', '客户自提/A5QG65', '2018-07-27 00:00:00', '0', '2018-07-03 21:56:40', '2018-07-03 21:56:40');
INSERT INTO `t_order` VALUES ('3', 'ZL180705000003', '4', '肆元整', '1', '2', '11', '18143814567', '海南省海口市无法街', '13922177479', '货到付款', '秦超/A5QB65', '2018-07-05 00:00:00', '0', '2018-07-05 17:10:52', '2018-07-05 17:10:52');
INSERT INTO `t_order` VALUES ('4', 'ZL180705000004', '4', '肆元整', '1', '4', '15', '13399990019', '未', '13922177479', '货到付款', '秦超/A5QB65', '2018-07-05 00:00:00', '0', '2018-07-05 17:15:32', '2018-07-05 17:15:32');
INSERT INTO `t_order` VALUES ('5', 'ZL180705000005', '324', '叁佰贰拾肆元整', '1', '2', '11', '18143814567', '海南省海口市无法街', '13922177479', '货到付款', '秦超/A5QB65', '2018-07-05 00:00:00', '0', '2018-07-05 17:50:16', '2018-07-05 17:50:16');
INSERT INTO `t_order` VALUES ('6', 'ZL180705000006', '324', '叁佰贰拾肆元整', '1', '1', '10', '18143814567', '海南省海口市无法街', '13922177479', '货到付款', '秦超/A5QB65', '2018-07-05 00:00:00', '0', '2018-07-05 17:52:48', '2018-07-05 17:52:48');
INSERT INTO `t_order` VALUES ('7', 'ZL180705000007', '320', '叁佰贰拾元整', '1', '1', '9', '18143814567', '海南省海口市', '13922177479', '货到付款', '秦超/A5QB65', '2018-07-05 00:00:00', '0', '2018-07-05 17:57:30', '2018-07-05 17:57:30');
INSERT INTO `t_order` VALUES ('8', 'ZL180705000008', '104', '壹佰零肆元整', '1', '1', '8', '18922292158', '江苏省扬州市', '13922177479', '货到付款', '秦超/A5QB65', '2018-07-05 00:00:00', '0', '2018-07-05 22:23:02', '2018-07-05 22:23:02');
INSERT INTO `t_order` VALUES ('9', 'ZL180705000009', '161', '壹佰陆拾壹元整', '1', '2', '4', '13399990019', '湖南省衡阳市三大市地', '13922177479', '货到付款', '秦超/A5QB65', '2018-07-05 00:00:00', '0', '2018-07-05 22:44:30', '2018-07-05 22:44:30');
INSERT INTO `t_order` VALUES ('10', 'ZL180705000010', '4', '肆元整', '1', '2', '11', '18143814567', '海南省海口市无法街', '13922177479', '货到付款', '秦超/A5QB65', '2018-07-05 00:00:00', '0', '2018-07-05 22:50:45', '2018-07-05 22:50:45');
INSERT INTO `t_order` VALUES ('11', 'ZL180705000011', '4', '肆元整', '1', '1', '9', '18143814567', '海南省海口市', '13922177479', '货到付款', '秦超/A5QB65', '2018-07-05 00:00:00', '0', '2018-07-05 22:54:13', '2018-07-05 22:54:13');
INSERT INTO `t_order` VALUES ('12', 'ZL180705000012', '4', '肆元整', '1', '1', '8', '18922292158', '江苏省扬州市', '13922177479', '货到付款', '秦超/A5QB65', '2018-07-05 00:00:00', '0', '2018-07-05 23:12:48', '2018-07-05 23:12:48');
INSERT INTO `t_order` VALUES ('13', 'ZL180705000013', '422248', '肆拾贰万贰仟贰佰肆拾捌元整', '1', '2', '4', '13399990019', '湖南省衡阳市三大市地', '13922177479', '货到付款', '秦超/A5QB65', '2018-07-05 00:00:00', '0', '2018-07-05 23:20:28', '2018-07-05 23:20:28');
INSERT INTO `t_order` VALUES ('14', 'ZL180705000014', '43619', '肆万叁仟陆佰壹拾玖元整', '1', '2', '11', '18143814567', '海南省海口市无法街', '13922177479', '预付定金尾款货到结清', '秦超/A5QB65', '2018-07-05 00:00:00', '0', '2018-07-05 23:55:28', '2018-07-05 23:55:28');
INSERT INTO `t_order` VALUES ('15', 'ZL180706000015', '8653', '捌仟陆佰伍拾叁元整', '1', '1', '10', '18143814567', '海南省海口市无法街', '13922177479', '货到付款', '秦超/A5QB65', '2018-07-06 00:00:00', '0', '2018-07-06 00:05:16', '2018-07-06 00:05:16');
INSERT INTO `t_order` VALUES ('16', 'ZL180707000016', null, '', '1', '1', '9', '18143814567', '海南省海口市', '13922177479', '货到付款', '秦超/A5QB65', '2018-07-07 00:00:00', '0', '2018-07-07 01:34:33', '2018-07-07 01:34:33');
INSERT INTO `t_order` VALUES ('17', 'ZL180707000017', '25', '贰拾伍元整', '1', '2', '13', '18143816043', '基本原则', '13922177479', '货到付款', '秦超/A5QB65', '2018-07-07 00:00:00', '0', '2018-07-07 02:05:56', '2018-07-07 02:05:56');
INSERT INTO `t_order` VALUES ('18', 'ZL180707000018', '25', '贰拾伍元整', '1', '1', '10', '18143814567', '海南省海口市无法街', '13922177479', '货到付款', '秦超/A5QB65', '2018-07-07 00:00:00', '0', '2018-07-07 02:13:38', '2018-07-07 02:13:38');
INSERT INTO `t_order` VALUES ('19', 'ZL180707000019', '4', '肆元整', '1', '2', '13', '18143816043', '基本原则', '13922177479', '货到付款', '秦超/A5QB65', '2018-07-07 00:00:00', '0', '2018-07-07 02:18:26', '2018-07-07 02:18:26');
INSERT INTO `t_order` VALUES ('20', 'ZL180707000020', '4', '肆元整', '1', '4', '15', '13399990019', '未', '13922177479', '货到付款', '秦超/A5QB65', '2018-07-07 00:00:00', '0', '2018-07-07 02:19:01', '2018-07-07 02:19:01');
INSERT INTO `t_order` VALUES ('21', 'ZL180713000021', '4', '肆元整', '1', '4', '15', '13399990019', '未', '13922177479', '货到付款', '秦超/A5QB65', '2018-07-13 00:00:00', '0', '2018-07-13 13:54:50', '2018-07-13 13:54:50');
INSERT INTO `t_order` VALUES ('22', 'ZL180713000022', '4', '肆元整', '1', '5', '16', 'sdf', 'sd', '13922177479', '货到付款', '秦超/A5QB65', '2018-07-13 00:00:00', '0', '2018-07-13 15:06:11', '2018-07-13 15:06:11');
INSERT INTO `t_order` VALUES ('23', 'ZL180717000023', '7540', '柒仟伍佰肆拾元整', '1', '2', '16', '13399990019', '河南省大津市', '13922177479', '预付定金尾款货到结清', '秦超/A5QB65', '2018-07-17 00:00:00', '0', '2018-07-17 16:48:41', '2018-07-17 16:48:41');
INSERT INTO `t_order` VALUES ('24', 'ZL180717000024', '17262', '壹万柒仟贰佰陆拾贰元整', '1', '1', '16', '18143814567', '海南省海口市', '13922177479', '预付定金尾款货到结清', '秦超/A5QB65', '2018-07-17 00:00:00', '0', '2018-07-17 16:53:41', '2018-07-17 16:53:41');
INSERT INTO `t_order` VALUES ('25', 'ZL180717000025', '36366', '叁万陆仟叁佰陆拾陆元整', '1', '2', '12', '13399990019', '湖南省衡阳市三水街', '13922177479', '预付定金尾款货到结清', '秦超/A5QB65', '2018-07-17 00:00:00', '0', '2018-07-17 17:02:04', '2018-07-17 17:02:04');
INSERT INTO `t_order` VALUES ('26', 'ZL180717000026', '26114', '贰万陆仟壹佰壹拾肆元整', '1', '1', '9', '18143814567', '海南省海口市', '13922177479', '货到付款', '秦超/A5QB65', '2018-07-17 00:00:00', '0', '2018-07-17 17:09:50', '2018-07-17 17:09:50');
INSERT INTO `t_order` VALUES ('27', 'ZL180718000027', '22105', '贰万贰仟壹佰零伍元整', '1', '2', '13', '18143816043', '基本原则', '13922177479', '货到付款', '秦超/A5QB65', '2018-07-18 00:00:00', '0', '2018-07-18 09:39:59', '2018-07-18 09:39:59');
INSERT INTO `t_order` VALUES ('28', 'ZL180806000028', '34', '叁拾肆元整', '1', '4', '15', '13399990019', '未', '13922177479', '货到付款', '秦超/A5QB65', '2018-08-06 00:00:00', '0', '2018-08-06 19:23:50', '2018-08-06 19:23:50');
INSERT INTO `t_order` VALUES ('29', 'ZL180811000029', '553', '伍佰伍拾叁元整', '1', '5', '16', 'sdf', '海南省海口市', '13922177479', '货到付款', '秦超/A5QB65', '2018-08-11 00:00:00', '0', '2018-08-11 10:08:40', '2018-08-11 10:08:40');
INSERT INTO `t_order` VALUES ('30', 'ZL180811000030', '166', '壹佰陆拾陆元整', '1', '2', '12', '13399990019', '湖南省衡阳市三水街', '13922177479', '货到付款', '秦超/A5QB65', '2018-08-11 00:00:00', '0', '2018-08-11 10:11:44', '2018-08-11 10:11:44');
INSERT INTO `t_order` VALUES ('31', 'ZL180811000031', '9', '玖元整', '1', '5', '16', 'sdf', '海南省海口市', '13922177479', '货到付款', '秦超/A5QB65', '2018-08-11 00:00:00', '0', '2018-08-11 10:22:26', '2018-08-11 10:22:26');
INSERT INTO `t_order` VALUES ('32', 'ZL180811000032', '4', '肆元整', '1', '5', '16', 'sdf', '海南省海口市', '13922177479', '货到付款', '秦超/A5QB65', '2018-08-11 00:00:00', '0', '2018-08-11 10:55:13', '2018-08-11 10:55:13');
INSERT INTO `t_order` VALUES ('33', 'ZL180811000033', '117', '壹佰壹拾柒元整', '1', '5', '16', 'sdf', '海南省海口市', '13922177479', '货到付款', '秦超/A5QB65', '2018-08-11 00:00:00', '0', '2018-08-11 11:15:02', '2018-08-11 11:15:02');
INSERT INTO `t_order` VALUES ('34', 'ZL180811000034', '22', '贰拾贰元整', '1', '5', '16', 'sdf', '海南省海口市', '13922177479', '货到付款', '秦超/A5QB65', '2018-08-11 00:00:00', '0', '2018-08-11 11:38:28', '2018-08-11 11:38:28');
INSERT INTO `t_order` VALUES ('35', 'ZL180811000035', '13', '壹拾叁元整', '1', '5', '16', 'sdf', '海南省海口市', '13922177479', '货到付款', '秦超/A5QB65', '2018-08-11 00:00:00', '0', '2018-08-11 12:00:15', '2018-08-11 12:00:15');
INSERT INTO `t_order` VALUES ('36', 'ZL180811000036', '9', '玖元整', '1', '5', '16', 'sdf', '海南省海口市', '13922177479', '货到付款', '秦超/A5QB65', '2018-08-11 00:00:00', '0', '2018-08-11 12:35:34', '2018-08-11 12:35:34');
INSERT INTO `t_order` VALUES ('37', 'ZL180811000037', '104', '壹佰零肆元整', '1', '5', '16', 'sdf', '海南省海口市', '13922177479', '货到付款', '秦超/A5QB65', '2018-08-11 00:00:00', '0', '2018-08-11 12:38:20', '2018-08-11 12:38:20');
INSERT INTO `t_order` VALUES ('38', 'ZL180811000038', '9', '玖元整', '1', '5', '16', 'sdf', '海南省海口市', '13922177479', '货到付款', '秦超/A5QB65', '2018-08-11 00:00:00', '0', '2018-08-11 12:43:17', '2018-08-11 12:43:17');
INSERT INTO `t_order` VALUES ('39', 'ZL180811000039', '9', '玖元整', '1', '5', '16', 'sdf', '海南省海口市', '13922177479', '货到付款', '秦超/A5QB65', '2018-08-11 00:00:00', '0', '2018-08-11 12:48:15', '2018-08-11 12:48:15');
INSERT INTO `t_order` VALUES ('40', 'ZL180811000040', '9', '玖元整', '1', '5', '16', 'sdf', '海南省海口市', '13922177479', '货到付款', '秦超/A5QB65', '2018-08-11 00:00:00', '0', '2018-08-11 12:50:17', '2018-08-11 12:50:17');
INSERT INTO `t_order` VALUES ('41', 'ZL180811000041', '9', '玖元整', '1', '5', '16', 'sdf', '海南省海口市', '13922177479', '货到付款', '秦超/A5QB65', '2018-08-11 00:00:00', '0', '2018-08-11 12:59:41', '2018-08-11 12:59:41');
INSERT INTO `t_order` VALUES ('42', 'ZL180811000042', '47', '肆拾柒元整', '1', '5', '16', 'sdf', '海南省海口市', '13922177479', '货到付款', '秦超/A5QB65', '2018-08-11 00:00:00', '0', '2018-08-11 13:01:14', '2018-08-11 13:01:14');
INSERT INTO `t_order` VALUES ('43', 'ZL180811000043', '13', '壹拾叁元整', '1', '5', '16', 'sdf', '海南省海口市', '13922177479', '货到付款', '秦超/A5QB65', '2018-08-11 00:00:00', '0', '2018-08-11 13:04:27', '2018-08-11 13:04:27');
INSERT INTO `t_order` VALUES ('44', 'ZL180811000044', '17', '壹拾柒元整', '1', '5', '16', 'sdf', '海南省海口市', '13922177479', '货到付款', '秦超/A5QB65', '2018-08-11 00:00:00', '0', '2018-08-11 13:08:38', '2018-08-11 13:08:38');
INSERT INTO `t_order` VALUES ('45', 'ZL180811000045', '9', '玖元整', '1', '5', '16', 'sdf', '海南省海口市', '13922177479', '货到付款', '秦超/A5QB65', '2018-08-11 00:00:00', '0', '2018-08-11 13:12:56', '2018-08-11 13:12:56');
INSERT INTO `t_order` VALUES ('46', 'ZL180811000046', '139', '壹佰叁拾玖元整', '1', '2', '14', '13399990019', '河南省大津市', '13922177479', '货到付款', '秦超/A5QB65', '2018-08-11 00:00:00', '0', '2018-08-11 15:59:46', '2018-08-11 15:59:46');
INSERT INTO `t_order` VALUES ('47', 'ZL180811000047', '1226', '壹仟贰佰贰拾陆元整', '1', '2', '13', '18143816043', '基本原则', '13922177479', '货到付款', '秦超/A5QB65', '2018-08-11 00:00:00', '0', '2018-08-11 16:04:07', '2018-08-11 16:04:07');
INSERT INTO `t_order` VALUES ('48', 'ZL180811000048', '683', '陆佰捌拾叁元整', '1', '2', '11', '18143814567', '海南省海口市无法街', '13922177479', '货到付款', '秦超/A5QB65', '2018-08-11 00:00:00', '0', '2018-08-11 16:07:03', '2018-08-11 16:07:03');
INSERT INTO `t_order` VALUES ('49', 'ZL180811000049', '317', '叁佰壹拾柒元整', '1', '2', '11', '18143814567', '海南省海口市无法街', '13922177479', '货到付款', '秦超/A5QB65', '2018-08-11 00:00:00', '0', '2018-08-11 16:09:40', '2018-08-11 16:09:40');
INSERT INTO `t_order` VALUES ('50', 'ZL180811000050', '221', '贰佰贰拾壹元整', '1', '2', '11', '18143814567', '海南省海口市无法街', '13922177479', '货到付款', '秦超/A5QB65', '2018-08-11 00:00:00', '0', '2018-08-11 16:16:02', '2018-08-11 16:16:02');
INSERT INTO `t_order` VALUES ('51', 'ZL180811000051', '413', '肆佰壹拾叁元整', '1', '5', '16', 'sdf', '海南省海口市', '13922177479', '货到付款', '秦超/A5QB65', '2018-08-11 00:00:00', '0', '2018-08-11 16:20:54', '2018-08-11 16:20:54');
INSERT INTO `t_order` VALUES ('52', 'ZL180811000052', '239', '贰佰叁拾玖元整', '1', '5', '16', 'sdf', '海南省海口市', '13922177479', '货到付款', '秦超/A5QB65', '2018-08-11 00:00:00', '0', '2018-08-11 16:31:19', '2018-08-11 16:31:19');
INSERT INTO `t_order` VALUES ('53', 'ZL180811000053', '440', '肆佰肆拾元整', '1', '5', '16', 'sdf', '海南省海口市', '13922177479', '货到付款', '秦超/A5QB65', '2018-08-11 00:00:00', '0', '2018-08-11 16:49:13', '2018-08-11 16:49:13');
INSERT INTO `t_order` VALUES ('54', 'ZL180811000054', '417', '肆佰壹拾柒元整', '1', '5', '16', 'sdf', '海南省海口市', '13922177479', '货到付款', '秦超/A5QB65', '2018-08-11 00:00:00', '0', '2018-08-11 17:17:42', '2018-08-11 17:17:42');
INSERT INTO `t_order` VALUES ('55', 'ZL180811000055', '704', '柒佰零肆元整', '1', '5', '16', 'sdf', '海南省海口市', '13922177479', '货到付款', '秦超/A5QB65', '2018-08-11 00:00:00', '0', '2018-08-11 17:25:04', '2018-08-11 17:25:04');
INSERT INTO `t_order` VALUES ('56', 'ZL180811000056', '328', '叁佰贰拾捌元整', '1', '2', '12', '13399990019', '湖南省衡阳市三水街', '13922177479', '货到付款', '秦超/A5QB65', '2018-08-11 00:00:00', '0', '2018-08-11 17:28:50', '2018-08-11 17:28:50');
INSERT INTO `t_order` VALUES ('57', 'ZL180811000057', '440', '肆佰肆拾元整', '1', '2', '11', '18143814567', '海南省海口市无法街', '13922177479', '货到付款', '秦超/A5QB65', '2018-08-11 00:00:00', '0', '2018-08-11 17:33:10', '2018-08-11 17:33:10');
INSERT INTO `t_order` VALUES ('58', 'ZL180811000058', '78', '柒拾捌元整', '1', '2', '11', '18143814567', '海南省海口市无法街', '13922177479', '货到付款', '秦超/A5QB65', '2018-08-11 00:00:00', '0', '2018-08-11 17:40:31', '2018-08-11 17:40:31');
INSERT INTO `t_order` VALUES ('59', 'ZL180811000059', '523', '伍佰贰拾叁元整', '1', '2', '12', '13399990019', '湖南省衡阳市三水街', '13922177479', '货到付款', '秦超/A5QB65', '2018-08-11 00:00:00', '0', '2018-08-11 17:45:49', '2018-08-11 17:45:49');
INSERT INTO `t_order` VALUES ('60', 'ZL180811000060', '306', '叁佰零陆元整', '1', '2', '13', '18143816043', '基本原则', '13922177479', '货到付款', '秦超/A5QB65', '2018-08-11 00:00:00', '0', '2018-08-11 17:53:43', '2018-08-11 17:53:43');
INSERT INTO `t_order` VALUES ('61', 'ZL180811000061', '58', '伍拾捌元整', '1', '1', '10', '18143814567', '海南省海口市无法街', '13922177479', '货到付款', '秦超/A5QB65', '2018-08-11 00:00:00', '0', '2018-08-11 17:59:53', '2018-08-11 17:59:53');
INSERT INTO `t_order` VALUES ('62', 'ZL180811000062', '230', '贰佰叁拾元整', '1', '2', '12', '13399990019', '湖南省衡阳市三水街', '13922177479', '货到付款', '秦超/A5QB65', '2018-08-11 00:00:00', '0', '2018-08-11 18:04:42', '2018-08-11 18:04:42');
INSERT INTO `t_order` VALUES ('63', 'ZL180811000063', '106', '壹佰零陆元整', '1', '2', '14', '13399990019', '河南省大津市', '13922177479', '货到付款', '秦超/A5QB65', '2018-08-11 00:00:00', '0', '2018-08-11 18:23:11', '2018-08-11 18:23:11');
INSERT INTO `t_order` VALUES ('64', 'ZL180811000064', '229', '贰佰贰拾玖元整', '1', '1', '10', '18143814567', '海南省海口市无法街', '13922177479', '货到付款', '秦超/A5QB65', '2018-08-11 00:00:00', '0', '2018-08-11 18:52:52', '2018-08-11 18:52:52');
INSERT INTO `t_order` VALUES ('65', 'ZL180811000065', '373', '叁佰柒拾叁元整', '1', '2', '12', '13399990019', '湖南省衡阳市三水街', '13922177479', '货到付款', '秦超/A5QB65', '2018-08-11 00:00:00', '0', '2018-08-11 19:25:40', '2018-08-11 19:25:40');
INSERT INTO `t_order` VALUES ('66', 'ZL180811000066', '34928', '叁万肆仟玖佰贰拾捌元整', '1', '1', '10', '18143814567', '海南省海口市无法街', '13922177479', '货到付款', '秦超/A5QB65', '2018-08-11 00:00:00', '0', '2018-08-11 19:31:03', '2018-08-11 19:31:03');
INSERT INTO `t_order` VALUES ('67', 'ZL180820000067', '13', '壹拾叁元整', '1', '5', '16', 'sdf', '海南省海口市', '13922177479', '货到付款', '秦超/A5QB65', '2018-08-20 00:00:00', '-1', '2018-08-20 13:03:59', '2018-08-20 16:03:23');
INSERT INTO `t_order` VALUES ('68', 'ZL180820000068', '9', '玖元整', '1', '5', '16', 'sdf', '海南省海口市', '13922177479', '货到付款', '秦超/A5QB65', '2018-08-20 00:00:00', '-1', '2018-08-20 13:09:27', '2018-08-20 16:18:25');
INSERT INTO `t_order` VALUES ('69', 'ZL180820000069', '9', '玖元整', '1', '5', '16', 'sdf', '海南省海口市', '13922177479', '货到付款', '秦超/A5QB65', '2018-08-20 00:00:00', '0', '2018-08-20 14:33:31', '2018-08-20 14:33:31');
INSERT INTO `t_order` VALUES ('70', 'ZL180822000070', '318', '叁佰壹拾捌元整', '1', '5', '16', 'sdf', '海南省海口市', '13922177479', '货到付款', '秦超/A5QB65', '2018-08-22 00:00:00', '0', '2018-08-22 19:22:48', '2018-08-22 19:22:48');
INSERT INTO `t_order` VALUES ('71', 'ZL180928000071', '474.29', '肆佰柒拾肆元贰角玖分', '1', '5', '17', '133999900193232', 'sadf', '13922177479', '货到付款', '秦超/A5QB65', '2018-09-28 00:00:00', '0', '2018-09-28 13:06:20', '2018-09-28 13:06:20');
INSERT INTO `t_order` VALUES ('72', 'ZL180928000072', '1424.82', '壹仟肆佰贰拾肆元捌角贰分', '1', '2', '11', '18143814567', '海南省海口市无法街', '13922177479', '货到付款', '秦超/A5QB65', '2018-09-28 00:00:00', '0', '2018-09-28 14:43:07', '2018-09-28 14:43:07');
INSERT INTO `t_order` VALUES ('73', 'ZL180928000073', '23935.71', '贰万叁仟玖佰叁拾伍元柒角壹分', '1', '1', '10', '18143814567', '海南省海口市无法街', '13922177479', '货到付款', '秦超/A5QB65', '2018-09-28 00:00:00', '0', '2018-09-28 15:58:28', '2018-09-28 15:58:28');
INSERT INTO `t_order` VALUES ('74', 'ZL181011000074', '1193.33', '壹仟壹佰玖拾叁元叁角叁分', '1', '5', '17', '133999900193232', 'sadf', '13922177479', '货到付款', '秦超/A5QB65', '2018-10-11 00:00:00', '0', '2018-10-11 15:12:37', '2018-10-11 15:12:37');
INSERT INTO `t_order` VALUES ('75', 'ZL181011000075', '496.82', '肆佰玖拾陆元捌角贰分', '1', '5', '17', '133999900193232', 'sadf', '13922177479', '货到付款', '秦超/A5QB65', '2018-10-11 00:00:00', '0', '2018-10-11 15:14:54', '2018-10-11 15:14:54');
INSERT INTO `t_order` VALUES ('76', 'ZL190109000076', '27.72', '贰拾柒元柒角贰分', '2', '4', '15', '13399990019', '未dsafads', '13922177479', '自定义付款方式', '秦超/A5QB65', '2019-01-09 00:00:00', '0', '2019-01-09 15:00:02', '2019-01-09 15:00:02');
INSERT INTO `t_order` VALUES ('77', 'ZL190109000077', '277.99', '贰佰柒拾柒元玖角玖分', '2', '1', '10', '18143814567', '海南省海口市无法街砝码', '13922177479', '预付定金尾款货到结清', '秦超/A5QB65', '2019-01-09 00:00:00', '0', '2019-01-09 15:01:03', '2019-01-09 15:01:03');
INSERT INTO `t_order` VALUES ('78', 'ZL190131000078', '652.36', '陆佰伍拾贰元叁角陆分', '1', '2', '2', '13399990019', 'f', '13922177479', '当月结清', '秦超/A5QB65', '2019-01-31 00:00:00', '0', '2019-01-31 22:55:41', '2019-01-31 22:55:41');

-- ----------------------------
-- Table structure for `t_order_prod`
-- ----------------------------
DROP TABLE IF EXISTS `t_order_prod`;
CREATE TABLE `t_order_prod` (
  `id` int(12) NOT NULL auto_increment,
  `order_number` varchar(100) NOT NULL COMMENT '货单编号（日期+序列号）',
  `product_id` int(12) NOT NULL COMMENT '关联产品ID',
  `product_name` varchar(500) NOT NULL COMMENT '产品名称',
  `gweight` int(10) default NULL COMMENT '克重(g)',
  `spec_type` varchar(20) default NULL COMMENT '规格类型',
  `spec` varchar(40) default NULL COMMENT '规格(cm)',
  `amount` double default NULL COMMENT '数量',
  `unit` varchar(20) default NULL COMMENT '单位',
  `unit_price` double default NULL COMMENT '单价（元/吨）',
  `price` double default NULL COMMENT '价格（元）',
  `memo` varchar(3000) default NULL COMMENT '备注',
  `weight_memo` varchar(3000) default NULL COMMENT '重量备注',
  `state` int(2) default '0' COMMENT '状态：-1：删除，0：正常',
  `create_time` datetime default NULL COMMENT '创建时间',
  `update_time` datetime default NULL COMMENT '修改时间',
  PRIMARY KEY  (`id`),
  KEY `idx_order_number` (`order_number`)
) ENGINE=InnoDB DEFAULT CHARSET=utf8 COMMENT='工单表';

-- ----------------------------
-- Records of t_order_prod
-- ----------------------------
INSERT INTO `t_order_prod` VALUES ('1', 'ZL180703000001', '16', '芬兰牛卡', '200', '宽幅', '88.9', '5100', 'KG', '71000', '362100', 'df', null, '0', '2018-07-03 11:52:56', '2018-07-03 11:52:56');
INSERT INTO `t_order_prod` VALUES ('2', 'ZL180703000001', '13', '美牛GP', '50', '长*宽', '78.7*109.2', '45100', '张', '31000', '60076', '奇怪', null, '0', '2018-07-03 11:52:56', '2018-07-03 11:52:56');
INSERT INTO `t_order_prod` VALUES ('3', 'ZL180703000002', '20', '牛皮', '1000', '长*宽', '120.5*130.6', '3100', '张', '21000', '102449', '自定义', null, '0', '2018-07-03 21:56:40', '2018-07-03 21:56:40');
INSERT INTO `t_order_prod` VALUES ('4', 'ZL180703000002', '17', '日本黄牛', '50', '宽幅', '78.7', '100', 'KG', '1000', '4', '大', null, '0', '2018-07-03 21:56:40', '2018-07-03 21:56:40');
INSERT INTO `t_order_prod` VALUES ('5', 'ZL180705000003', '1', '景兴', '50', '长*宽', '78.7*109.2', '100', '张', '1000', '4', 'ad', null, '0', '2018-07-05 17:10:52', '2018-07-05 17:10:52');
INSERT INTO `t_order_prod` VALUES ('6', 'ZL180705000004', '1', '景兴', '50', '长*宽', '78.7*109.2', '100', '张', '1000', '4', 'ad', null, '0', '2018-07-05 17:15:32', '2018-07-05 17:15:32');
INSERT INTO `t_order_prod` VALUES ('7', 'ZL180705000005', '1', '景兴', '50', '长*宽', '78.7*109.2', '100', '张', '1000', '4', '', null, '0', '2018-07-05 17:50:16', '2018-07-05 17:50:16');
INSERT INTO `t_order_prod` VALUES ('8', 'ZL180705000005', '1', '景兴', '50', '长*宽', '78.7*109.2', '100', '张', '1000', '4', '', null, '0', '2018-07-05 17:50:16', '2018-07-05 17:50:16');
INSERT INTO `t_order_prod` VALUES ('9', 'ZL180705000005', '4', '包装纸', '50', '长*宽', '78.7*109.2', '100', '张', '1000', '4', '', null, '0', '2018-07-05 17:50:16', '2018-07-05 17:50:16');
INSERT INTO `t_order_prod` VALUES ('10', 'ZL180705000005', '11', '地龙牛卡', '50', '长*宽', '78.7*109.2', '100', '张', '1000', '4', '', null, '0', '2018-07-05 17:50:16', '2018-07-05 17:50:16');
INSERT INTO `t_order_prod` VALUES ('11', 'ZL180705000005', '13', '美牛GP', '50', '宽幅', '78.7', '100', 'KG', '1000', '100', '', null, '0', '2018-07-05 17:50:16', '2018-07-05 17:50:16');
INSERT INTO `t_order_prod` VALUES ('12', 'ZL180705000005', '17', '日本黄牛', '50', '宽幅', '78.7', '100', 'KG', '1000', '100', '', null, '0', '2018-07-05 17:50:16', '2018-07-05 17:50:16');
INSERT INTO `t_order_prod` VALUES ('13', 'ZL180705000005', '17', '日本黄牛', '50', '长*宽', '78.7*109.2', '100', '张', '1000', '4', '', null, '0', '2018-07-05 17:50:16', '2018-07-05 17:50:16');
INSERT INTO `t_order_prod` VALUES ('14', 'ZL180705000005', '18', '俄罗斯牛卡', '50', '宽幅', '78.7', '100', 'KG', '1000', '100', '', null, '0', '2018-07-05 17:50:16', '2018-07-05 17:50:16');
INSERT INTO `t_order_prod` VALUES ('15', 'ZL180705000005', '15', '新西兰牛卡', '50', '长*宽', '78.7*109.2', '100', '张', '1000', '4', '', null, '0', '2018-07-05 17:50:16', '2018-07-05 17:50:16');
INSERT INTO `t_order_prod` VALUES ('16', 'ZL180705000006', '1', '景兴', '50', '长*宽', '78.7*109.2', '100', '张', '1000', '4', '', null, '0', '2018-07-05 17:52:48', '2018-07-05 17:52:48');
INSERT INTO `t_order_prod` VALUES ('17', 'ZL180705000006', '3', '双面浅牛', '50', '宽幅', '78.7', '100', 'KG', '1000', '100', '', null, '0', '2018-07-05 17:52:48', '2018-07-05 17:52:48');
INSERT INTO `t_order_prod` VALUES ('18', 'ZL180705000006', '15', '新西兰牛卡', '50', '宽幅', '78.7', '100', 'KG', '1000', '100', '', null, '0', '2018-07-05 17:52:48', '2018-07-05 17:52:48');
INSERT INTO `t_order_prod` VALUES ('19', 'ZL180705000006', '4', '包装纸', '50', '长*宽', '78.7*109.2', '100', '张', '1000', '4', '', null, '0', '2018-07-05 17:52:48', '2018-07-05 17:52:48');
INSERT INTO `t_order_prod` VALUES ('20', 'ZL180705000006', '16', '芬兰牛卡', '50', '长*宽', '78.7*109.2', '100', '张', '1000', '4', '', null, '0', '2018-07-05 17:52:48', '2018-07-05 17:52:48');
INSERT INTO `t_order_prod` VALUES ('21', 'ZL180705000006', '14', '澳洲牛卡', '50', '长*宽', '78.7*109.2', '100', '张', '1000', '4', '', null, '0', '2018-07-05 17:52:48', '2018-07-05 17:52:48');
INSERT INTO `t_order_prod` VALUES ('22', 'ZL180705000006', '17', '日本黄牛', '50', '长*宽', '78.7*109.2', '100', '张', '1000', '4', '', null, '0', '2018-07-05 17:52:48', '2018-07-05 17:52:48');
INSERT INTO `t_order_prod` VALUES ('23', 'ZL180705000006', '19', '单面牛卡', '50', '宽幅', '78.7', '100', 'KG', '1000', '4', '', null, '0', '2018-07-05 17:52:48', '2018-07-05 17:52:48');
INSERT INTO `t_order_prod` VALUES ('24', 'ZL180705000006', '16', '芬兰牛卡', '50', '宽幅', '78.7', '100', 'KG', '1000', '100', '', null, '0', '2018-07-05 17:52:48', '2018-07-05 17:52:48');
INSERT INTO `t_order_prod` VALUES ('25', 'ZL180705000007', '1', '景兴', '50', '长*宽', '78.7*109.2', '100', '张', '1000', '4', '', null, '0', '2018-07-05 17:57:30', '2018-07-05 17:57:30');
INSERT INTO `t_order_prod` VALUES ('26', 'ZL180705000007', '2', '双面红牛', '50', '宽幅', '78.7', '100', 'KG', '1000', '100', '', null, '0', '2018-07-05 17:57:30', '2018-07-05 17:57:30');
INSERT INTO `t_order_prod` VALUES ('27', 'ZL180705000007', '11', '地龙牛卡', '50', '长*宽', '78.7*109.2', '100', '张', '1000', '4', '', null, '0', '2018-07-05 17:57:30', '2018-07-05 17:57:30');
INSERT INTO `t_order_prod` VALUES ('28', 'ZL180705000007', '13', '美牛GP', '50', '长*宽', '78.7*109.2', '100', '张', '1000', '4', '', null, '0', '2018-07-05 17:57:30', '2018-07-05 17:57:30');
INSERT INTO `t_order_prod` VALUES ('29', 'ZL180705000007', '17', '日本黄牛', '50', '宽幅', '78.7', '100', 'KG', '1000', '100', '', null, '0', '2018-07-05 17:57:30', '2018-07-05 17:57:30');
INSERT INTO `t_order_prod` VALUES ('30', 'ZL180705000007', '9', '玖龙牛卡', '50', '长*宽', '78.7*109.2', '100', '张', '1000', '4', '', null, '0', '2018-07-05 17:57:30', '2018-07-05 17:57:30');
INSERT INTO `t_order_prod` VALUES ('31', 'ZL180705000007', '18', '俄罗斯牛卡', '50', '长*宽', '78.7*109.2', '100', '张', '1000', '4', '', null, '0', '2018-07-05 17:57:30', '2018-07-05 17:57:30');
INSERT INTO `t_order_prod` VALUES ('32', 'ZL180705000007', '16', '芬兰牛卡', '50', '宽幅', '78.7', '100', 'KG', '1000', '100', '', null, '0', '2018-07-05 17:57:30', '2018-07-05 17:57:30');
INSERT INTO `t_order_prod` VALUES ('33', 'ZL180705000008', '1', '景兴', '50', '长*宽', '78.7*109.2', '100', '张', '1000', '4', 'gf', null, '0', '2018-07-05 22:23:02', '2018-07-05 22:23:02');
INSERT INTO `t_order_prod` VALUES ('34', 'ZL180705000008', '1', '景兴', '50', '宽幅', '78.7', '100', 'KG', '1000', '100', '奇怪', null, '0', '2018-07-05 22:23:02', '2018-07-05 22:23:02');
INSERT INTO `t_order_prod` VALUES ('35', 'ZL180705000009', '15', '新西兰牛卡', '50', '宽幅', '78.7', '100', 'KG', '1000', '4', '需要', null, '0', '2018-07-05 22:44:30', '2018-07-05 22:44:30');
INSERT INTO `t_order_prod` VALUES ('36', 'ZL180705000009', '20', '真皮', '1000', '长*宽', '120.5*130.6', '100', '张', '1000', '157', '土地', null, '0', '2018-07-05 22:44:30', '2018-07-05 22:44:30');
INSERT INTO `t_order_prod` VALUES ('37', 'ZL180705000010', '1', '景兴', '50', '长*宽', '78.7*109.2', '100', '张', '1000', '4', 'k', null, '0', '2018-07-05 22:50:45', '2018-07-05 22:50:45');
INSERT INTO `t_order_prod` VALUES ('38', 'ZL180705000011', '19', '单面牛卡', '50', '长*宽', '78.7*109.2', '100', '张', '1000', '4', '', null, '0', '2018-07-05 22:54:13', '2018-07-05 22:54:13');
INSERT INTO `t_order_prod` VALUES ('39', 'ZL180705000012', '1', '景兴', '50', '长*宽', '78.7*109.2', '100', '张', '1000', '4', '', null, '0', '2018-07-05 23:12:48', '2018-07-05 23:12:48');
INSERT INTO `t_order_prod` VALUES ('40', 'ZL180705000013', '16', '芬兰牛卡', '1000', '宽幅', '109.2', '4100', 'KG', '51000', '209099', '玩', null, '0', '2018-07-05 23:20:28', '2018-07-05 23:20:28');
INSERT INTO `t_order_prod` VALUES ('41', 'ZL180705000013', '20', '长趺', '1000', '长*宽', '120.5*130.6', '3100', '张', '41000', '200021', '需要', null, '0', '2018-07-05 23:20:28', '2018-07-05 23:20:28');
INSERT INTO `t_order_prod` VALUES ('42', 'ZL180705000013', '14', '澳洲牛卡', '230', '长*宽', '109.2*78.7', '23100', '张', '1400', '6392', '', null, '0', '2018-07-05 23:20:28', '2018-07-05 23:20:28');
INSERT INTO `t_order_prod` VALUES ('43', 'ZL180705000013', '1', '景兴', '50', '长*宽', '78.7*109.2', '100', '张', '1000', '4', '', null, '0', '2018-07-05 23:20:28', '2018-07-05 23:20:28');
INSERT INTO `t_order_prod` VALUES ('44', 'ZL180705000013', '1', '景兴', '50', '长*宽', '78.7*109.2', '3100', '张', '4000', '532', '', null, '0', '2018-07-05 23:20:28', '2018-07-05 23:20:28');
INSERT INTO `t_order_prod` VALUES ('45', 'ZL180705000013', '16', '芬兰牛卡', '50', '宽幅', '78.7', '3100', 'KG', '2000', '6200', '', null, '0', '2018-07-05 23:20:28', '2018-07-05 23:20:28');
INSERT INTO `t_order_prod` VALUES ('46', 'ZL180705000014', '1', '景兴', '50', '长*宽', '78.7*109.2', '10046', '张', '100046', '43187.72', '', null, '0', '2018-07-05 23:55:28', '2018-07-05 23:55:28');
INSERT INTO `t_order_prod` VALUES ('47', 'ZL180705000014', '1', '景兴', '50', '长*宽', '78.7*109.2', '1003', '张', '10008', '431.33', '', null, '0', '2018-07-05 23:55:28', '2018-07-05 23:55:28');
INSERT INTO `t_order_prod` VALUES ('48', 'ZL180706000015', '1', '景兴', '50', '长*宽', '78.7*109.2', '10027', '张', '10046', '4328.44', '', null, '0', '2018-07-06 00:05:16', '2018-07-06 00:05:16');
INSERT INTO `t_order_prod` VALUES ('49', 'ZL180706000015', '1', '景兴', '50', '长*宽', '78.7*109.2', '1006', '张', '100049', '4324.92', '', null, '0', '2018-07-06 00:05:16', '2018-07-06 00:05:16');
INSERT INTO `t_order_prod` VALUES ('50', 'ZL180707000017', '1', '景兴', '50', '长*宽', '78.7*109.2', '100', '张', '1000', '4.29', '', null, '0', '2018-07-07 02:05:56', '2018-07-07 02:05:56');
INSERT INTO `t_order_prod` VALUES ('51', 'ZL180707000017', '1', '景兴', '50', '长*宽', '78.7*109.2', '100', '张', '1000', '4.29', '', null, '0', '2018-07-07 02:05:56', '2018-07-07 02:05:56');
INSERT INTO `t_order_prod` VALUES ('52', 'ZL180707000017', '1', '景兴', '50', '长*宽', '78.7*109.2', '100', '张', '1000', '4.29', '', null, '0', '2018-07-07 02:05:56', '2018-07-07 02:05:56');
INSERT INTO `t_order_prod` VALUES ('53', 'ZL180707000017', '1', '景兴', '50', '长*宽', '78.7*109.2', '100', '张', '1000', '4.29', '', null, '0', '2018-07-07 02:05:56', '2018-07-07 02:05:56');
INSERT INTO `t_order_prod` VALUES ('54', 'ZL180707000017', '1', '景兴', '50', '长*宽', '78.7*109.2', '100', '张', '1000', '4.29', '', null, '0', '2018-07-07 02:05:56', '2018-07-07 02:05:56');
INSERT INTO `t_order_prod` VALUES ('55', 'ZL180707000017', '1', '景兴', '50', '长*宽', '78.7*109.2', '100', '张', '1000', '4.29', '', null, '0', '2018-07-07 02:05:56', '2018-07-07 02:05:56');
INSERT INTO `t_order_prod` VALUES ('56', 'ZL180707000018', '1', '景兴', '50', '长*宽', '78.7*109.2', '100', '张', '1000', '4.29', '', null, '0', '2018-07-07 02:13:38', '2018-07-07 02:13:38');
INSERT INTO `t_order_prod` VALUES ('57', 'ZL180707000018', '18', '俄罗斯牛卡', '50', '长*宽', '78.7*109.2', '100', '张', '1000', '4.29', '', null, '0', '2018-07-07 02:13:38', '2018-07-07 02:13:38');
INSERT INTO `t_order_prod` VALUES ('58', 'ZL180707000018', '17', '日本黄牛', '50', '长*宽', '78.7*109.2', '100', '张', '1000', '4.29', '', null, '0', '2018-07-07 02:13:38', '2018-07-07 02:13:38');
INSERT INTO `t_order_prod` VALUES ('59', 'ZL180707000018', '10', '海龙牛卡', '50', '长*宽', '78.7*109.2', '100', '张', '1000', '4.29', '', null, '0', '2018-07-07 02:13:38', '2018-07-07 02:13:38');
INSERT INTO `t_order_prod` VALUES ('60', 'ZL180707000018', '8', '天竹精牛', '50', '长*宽', '78.7*109.2', '100', '张', '1000', '4.29', '', null, '0', '2018-07-07 02:13:38', '2018-07-07 02:13:38');
INSERT INTO `t_order_prod` VALUES ('61', 'ZL180707000018', '5', '打包纸', '50', '长*宽', '78.7*109.2', '100', '张', '1000', '4.29', '', null, '0', '2018-07-07 02:13:38', '2018-07-07 02:13:38');
INSERT INTO `t_order_prod` VALUES ('62', 'ZL180707000019', '1', '景兴', '50', '长*宽', '78.7*109.2', '100', '张', '1000', '4.29', '', null, '0', '2018-07-07 02:18:26', '2018-07-07 02:18:26');
INSERT INTO `t_order_prod` VALUES ('63', 'ZL180707000020', '1', '景兴', '50', '长*宽', '78.7*109.2', '100', '张', '1000', '4.29', '', null, '0', '2018-07-07 02:19:01', '2018-07-07 02:19:01');
INSERT INTO `t_order_prod` VALUES ('64', 'ZL180713000021', '1', '景兴', '50', '长*宽', '78.7*109.2', '100', '张', '1000', '4.29', '', null, '0', '2018-07-13 13:54:50', '2018-07-13 13:54:50');
INSERT INTO `t_order_prod` VALUES ('65', 'ZL180713000022', '1', '景兴', '50', '长*宽', '78.7*109.2', '100', '张', '1000', '4.29', '', null, '0', '2018-07-13 15:06:11', '2018-07-13 15:06:11');
INSERT INTO `t_order_prod` VALUES ('66', 'ZL180717000023', '1', '景兴', '50', '长*宽', '78.7*109.2', '7100', '张', '8000', '2440.7', '', null, '0', '2018-07-17 16:48:41', '2018-07-17 16:48:41');
INSERT INTO `t_order_prod` VALUES ('67', 'ZL180717000023', '3', '双面浅牛', '50', '宽幅', '78.7', '5100', 'KG', '1000', '5100', '', null, '0', '2018-07-17 16:48:41', '2018-07-17 16:48:41');
INSERT INTO `t_order_prod` VALUES ('68', 'ZL180717000024', '1', '景兴', '50', '长*宽', '78.7*109.2', '4100', '张', '10005', '1762.65', '', null, '0', '2018-07-17 16:53:41', '2018-07-17 16:53:41');
INSERT INTO `t_order_prod` VALUES ('69', 'ZL180717000024', '8', '天竹精牛', '50', '宽幅', '78.7', '3100', 'KG', '5000', '15500', '', null, '0', '2018-07-17 16:53:41', '2018-07-17 16:53:41');
INSERT INTO `t_order_prod` VALUES ('70', 'ZL180717000025', '4', '包装纸', '50', '长*宽', '78.7*109.2', '3100', '张', '5000', '666.03', '', null, '0', '2018-07-17 17:02:04', '2018-07-17 17:02:04');
INSERT INTO `t_order_prod` VALUES ('71', 'ZL180717000025', '11', '地龙牛卡', '60', '宽幅', '88.9', '5100', 'KG', '7000', '35700', '', null, '0', '2018-07-17 17:02:04', '2018-07-17 17:02:04');
INSERT INTO `t_order_prod` VALUES ('72', 'ZL180717000026', '8', '天竹精牛', '50', '长*宽', '78.7*109.2', '5100', '张', '6000', '1314.88', '', null, '0', '2018-07-17 17:09:50', '2018-07-17 17:09:50');
INSERT INTO `t_order_prod` VALUES ('73', 'ZL180717000026', '12', '美国牛卡', '50', '宽幅', '78.7', '3100', 'KG', '8000', '24800', '备注', null, '0', '2018-07-17 17:09:50', '2018-07-17 17:09:50');
INSERT INTO `t_order_prod` VALUES ('74', 'ZL180718000027', '1', '景兴', '50', '长*宽', '120.5*130.6', '3400', '张', '6000', '1605.2', '大', null, '0', '2018-07-18 09:39:59', '2018-07-18 09:39:59');
INSERT INTO `t_order_prod` VALUES ('75', 'ZL180718000027', '15', '新西兰牛卡', '50', '宽幅', '119.4', '4100', 'KG', '5000', '20500', '大规模', null, '0', '2018-07-18 09:39:59', '2018-07-18 09:39:59');
INSERT INTO `t_order_prod` VALUES ('76', 'ZL180806000028', '1', '景兴', '126', '长*宽', '78.7*109.2', '234', '张', '456', '11.55', '', null, '0', '2018-08-06 19:23:50', '2018-08-06 19:23:50');
INSERT INTO `t_order_prod` VALUES ('77', 'ZL180806000028', '8', '天竹精牛', '126', '长*宽', '78.7*109.2', '123', '张', '347', '4.62', '', null, '0', '2018-08-06 19:23:50', '2018-08-06 19:23:50');
INSERT INTO `t_order_prod` VALUES ('78', 'ZL180806000028', '1', '景兴', '126', '长*宽', '78.7*109.2', '467', '张', '234', '11.83', '', null, '0', '2018-08-06 19:23:50', '2018-08-06 19:23:50');
INSERT INTO `t_order_prod` VALUES ('79', 'ZL180806000028', '13', '美牛GP', '126', '长*宽', '109.2*78.7', '104', '张', '576', '6.48', '', null, '0', '2018-08-06 19:23:50', '2018-08-06 19:23:50');
INSERT INTO `t_order_prod` VALUES ('80', 'ZL180811000029', '1', '景兴', '50', '宽幅', '78.7', '100', 'KG', '1000', '100', '', null, '0', '2018-08-11 10:08:40', '2018-08-11 10:08:40');
INSERT INTO `t_order_prod` VALUES ('81', 'ZL180811000029', '3', '双面浅牛', '1000', '宽幅', '109.2', '100', 'KG', '1000', '100', '', null, '0', '2018-08-11 10:08:40', '2018-08-11 10:08:40');
INSERT INTO `t_order_prod` VALUES ('82', 'ZL180811000029', '17', '日本黄牛', '445', '长*宽', '88.9*119.4', '100', '张', '1000', '47.23', '', null, '0', '2018-08-11 10:08:40', '2018-08-11 10:08:40');
INSERT INTO `t_order_prod` VALUES ('83', 'ZL180811000029', '17', '日本黄牛', '445', '宽幅', '88.9', '100', 'KG', '1000', '100', '', null, '0', '2018-08-11 10:08:40', '2018-08-11 10:08:40');
INSERT INTO `t_order_prod` VALUES ('84', 'ZL180811000029', '1', '景兴', '445', '长*宽', '78.7*109.2', '100', '张', '1000', '38.24', '', null, '0', '2018-08-11 10:08:40', '2018-08-11 10:08:40');
INSERT INTO `t_order_prod` VALUES ('85', 'ZL180811000029', '14', '澳洲牛卡', '445', '长*宽', '78.7*109.2', '100', '张', '1000', '38.24', '', null, '0', '2018-08-11 10:08:40', '2018-08-11 10:08:40');
INSERT INTO `t_order_prod` VALUES ('86', 'ZL180811000029', '4', '包装纸', '150', '长*宽', '88.9*119.4', '100', '张', '1000', '15.92', '', null, '0', '2018-08-11 10:08:40', '2018-08-11 10:08:40');
INSERT INTO `t_order_prod` VALUES ('87', 'ZL180811000029', '19', '单面牛卡', '150', '宽幅', '88.9', '100', 'KG', '1000', '100', '', null, '0', '2018-08-11 10:08:40', '2018-08-11 10:08:40');
INSERT INTO `t_order_prod` VALUES ('88', 'ZL180811000029', '6', '双牛', '150', '长*宽', '78.7*109.2', '100', '张', '1000', '12.89', '', null, '0', '2018-08-11 10:08:40', '2018-08-11 10:08:40');
INSERT INTO `t_order_prod` VALUES ('89', 'ZL180811000030', '18', '俄罗斯牛卡', '190', '长*宽', '78.7*109.2', '100', '张', '1000', '16.32', '', null, '0', '2018-08-11 10:11:44', '2018-08-11 10:11:44');
INSERT INTO `t_order_prod` VALUES ('90', 'ZL180811000030', '3', '双面浅牛', '190', '长*宽', '78.7*109.2', '100', '张', '1000', '16.32', '', null, '0', '2018-08-11 10:11:44', '2018-08-11 10:11:44');
INSERT INTO `t_order_prod` VALUES ('91', 'ZL180811000030', '17', '日本黄牛', '190', '长*宽', '78.7*109.2', '100', '张', '1000', '16.32', '', null, '0', '2018-08-11 10:11:44', '2018-08-11 10:11:44');
INSERT INTO `t_order_prod` VALUES ('92', 'ZL180811000030', '1', '景兴', '190', '长*宽', '78.7*109.2', '100', '张', '1000', '16.32', '', null, '0', '2018-08-11 10:11:44', '2018-08-11 10:11:44');
INSERT INTO `t_order_prod` VALUES ('93', 'ZL180811000030', '1', '景兴', '190', '长*宽', '78.7*109.2', '100', '张', '1000', '16.32', '', null, '0', '2018-08-11 10:11:44', '2018-08-11 10:11:44');
INSERT INTO `t_order_prod` VALUES ('94', 'ZL180811000030', '1', '景兴', '190', '长*宽', '78.7*109.2', '100', '张', '1000', '16.32', '', null, '0', '2018-08-11 10:11:44', '2018-08-11 10:11:44');
INSERT INTO `t_order_prod` VALUES ('95', 'ZL180811000030', '1', '景兴', '190', '长*宽', '78.7*109.2', '100', '张', '1000', '16.32', '', null, '0', '2018-08-11 10:11:44', '2018-08-11 10:11:44');
INSERT INTO `t_order_prod` VALUES ('96', 'ZL180811000030', '1', '景兴', '190', '长*宽', '78.7*109.2', '100', '张', '1000', '16.32', '', null, '0', '2018-08-11 10:11:44', '2018-08-11 10:11:44');
INSERT INTO `t_order_prod` VALUES ('97', 'ZL180811000030', '1', '景兴', '190', '长*宽', '78.7*109.2', '100', '张', '1176', '19.2', '', null, '0', '2018-08-11 10:11:44', '2018-08-11 10:11:44');
INSERT INTO `t_order_prod` VALUES ('98', 'ZL180811000030', '17', '日本黄牛', '190', '长*宽', '78.7*109.2', '100', '张', '1000', '16.32', '', null, '0', '2018-08-11 10:11:44', '2018-08-11 10:11:44');
INSERT INTO `t_order_prod` VALUES ('99', 'ZL180811000030', '17', '日本黄牛', '190', '长*宽', '78.7*109.2', '100', '张', '1006', '16.42', '', null, '0', '2018-08-11 10:11:44', '2018-08-11 10:11:44');
INSERT INTO `t_order_prod` VALUES ('100', 'ZL180811000030', '17', '日本黄牛', '190', '长*宽', '78.7*109.2', '100', '张', '1006', '16.42', '', null, '0', '2018-08-11 10:11:44', '2018-08-11 10:11:44');
INSERT INTO `t_order_prod` VALUES ('101', 'ZL180811000031', '1', '景兴', '50', '长*宽', '78.7*109.2', '100', '张', '1000', '4.29', '50,60,70,80,90,95,100,110,115,120,126,130,140,150,160,170,175,180,190,200,210,220,230,250,280,295,300,337,345,350,400,440,445,450', null, '0', '2018-08-11 10:22:26', '2018-08-11 10:22:26');
INSERT INTO `t_order_prod` VALUES ('102', 'ZL180811000031', '1', '景兴', '50', '长*宽', '78.7*109.2', '100', '张', '1000', '4.29', 'd', null, '0', '2018-08-11 10:22:26', '2018-08-11 10:22:26');
INSERT INTO `t_order_prod` VALUES ('103', 'ZL180811000031', '1', '景兴', '50', '长*宽', '78.7*109.2', '100', '张', '1000', '4.29', '', null, '0', '2018-08-11 10:22:26', '2018-08-11 10:22:26');
INSERT INTO `t_order_prod` VALUES ('104', 'ZL180811000031', '1', '景兴', '50', '长*宽', '78.7*109.2', '100', '张', '1000', '4.29', '50,60,70,80,90,95,100,110,115,120,126,130,140,150,160,170,175,180,190,200,210,220,230,250,280,295,300,337,345,350,400,440,445,450', null, '0', '2018-08-11 10:22:26', '2018-08-11 10:22:26');
INSERT INTO `t_order_prod` VALUES ('105', 'ZL180811000032', '1', '景兴', '50', '长*宽', '78.7*109.2', '100', '张', '1000', '4.29', '', null, '0', '2018-08-11 10:55:13', '2018-08-11 10:55:13');
INSERT INTO `t_order_prod` VALUES ('106', 'ZL180811000033', '1', '景兴', '50', '长*宽', '78.7*109.2', '100', '张', '1000', '4.29', 'adsafdsfaaaaaaadsafdsfaaaaaaadsafdsfaaaaaaadsafdsfaaaaaaadsafdsfaaaaaaadsafdsfaaaaaaadsafdsfaaaaaa', null, '0', '2018-08-11 11:15:02', '2018-08-11 11:15:02');
INSERT INTO `t_order_prod` VALUES ('107', 'ZL180811000033', '1', '景兴', '50', '宽幅', '78.7', '100', 'KG', '1123', '112.3', 'ds魂牵梦萦ds魂牵梦萦ds魂牵梦萦ds魂牵梦萦', null, '0', '2018-08-11 11:15:02', '2018-08-11 11:15:02');
INSERT INTO `t_order_prod` VALUES ('108', 'ZL180811000034', '1', '景兴', '50', '长*宽', '78.7*109.2', '100', '张', '1000', '4.29', 'fsad', 'adsfadsfadsfadsfadsfadsfadsfadsfadsfadsfadsfadsfadsfadsfadsfadsf32323232323232323232', '0', '2018-08-11 11:38:28', '2018-08-11 11:38:28');
INSERT INTO `t_order_prod` VALUES ('109', 'ZL180811000034', '3', '双面浅牛', '70', '长*宽', '78.7*109.2', '100', '张', '1000', '6.01', '', '', '0', '2018-08-11 11:38:28', '2018-08-11 11:38:28');
INSERT INTO `t_order_prod` VALUES ('110', 'ZL180811000034', '5', '打包纸', '70', '长*宽', '78.7*109.2', '100', '张', '1000', '6.01', '', 'd2332323323233232332323323233232', '0', '2018-08-11 11:38:28', '2018-08-11 11:38:28');
INSERT INTO `t_order_prod` VALUES ('111', 'ZL180811000034', '8', '天竹精牛', '70', '长*宽', '109.2*78.7', '100', '张', '1000', '6.01', '', '', '0', '2018-08-11 11:38:28', '2018-08-11 11:38:28');
INSERT INTO `t_order_prod` VALUES ('112', 'ZL180811000035', '1', '景兴', '50', '长*宽', '78.7*109.2', '100', '张', '1000', '4.29', '', 'dfasfdasdasffffffffdfasfdasdasffffffffdfasfdasdasffffffffdfasfdasdasffffffffdfasfdasdasffffffffdfasfdasdasffffffff', '0', '2018-08-11 12:00:15', '2018-08-11 12:00:15');
INSERT INTO `t_order_prod` VALUES ('113', 'ZL180811000035', '16', '芬兰牛卡', '50', '长*宽', '78.7*109.2', '100', '张', '1000', '4.29', '', '', '0', '2018-08-11 12:00:15', '2018-08-11 12:00:15');
INSERT INTO `t_order_prod` VALUES ('114', 'ZL180811000035', '15', '新西兰牛卡', '50', '长*宽', '78.7*109.2', '100', '张', '1000', '4.29', '', 'dsfadsaf', '0', '2018-08-11 12:00:15', '2018-08-11 12:00:15');
INSERT INTO `t_order_prod` VALUES ('115', 'ZL180811000036', '1', '景兴', '50', '长*宽', '78.7*109.2', '100', '张', '1000', '4.29', '', 'adsfsaadsfsaadsfsaadsfsaadsfsaadsfsaadsfsaadsfsa', '0', '2018-08-11 12:35:34', '2018-08-11 12:35:34');
INSERT INTO `t_order_prod` VALUES ('116', 'ZL180811000036', '1', '景兴', '50', '长*宽', '78.7*109.2', '100', '张', '1000', '4.29', '', '', '0', '2018-08-11 12:35:34', '2018-08-11 12:35:34');
INSERT INTO `t_order_prod` VALUES ('117', 'ZL180811000037', '1', '景兴', '50', '长*宽', '78.7*109.2', '100', '张', '1000', '4.29', '', 'dfsaaadfsaaadfsaaadfsaaadfsaaadfsaaadfsaaadfsaaadfsaaadfsaaa', '0', '2018-08-11 12:38:20', '2018-08-11 12:38:20');
INSERT INTO `t_order_prod` VALUES ('118', 'ZL180811000037', '1', '景兴', '50', '宽幅', '78.7', '100', 'KG', '1000', '100', '', '', '0', '2018-08-11 12:38:20', '2018-08-11 12:38:20');
INSERT INTO `t_order_prod` VALUES ('119', 'ZL180811000038', '1', '景兴', '50', '长*宽', '78.7*109.2', '100', '张', '1000', '4.29', '', 'dasfdasfdasfdasfdasfdasfdasfdasfdasf', '0', '2018-08-11 12:43:17', '2018-08-11 12:43:17');
INSERT INTO `t_order_prod` VALUES ('120', 'ZL180811000038', '1', '景兴', '50', '长*宽', '78.7*109.2', '100', '张', '1000', '4.29', '', '', '0', '2018-08-11 12:43:17', '2018-08-11 12:43:17');
INSERT INTO `t_order_prod` VALUES ('121', 'ZL180811000039', '1', '景兴', '50', '长*宽', '78.7*109.2', '100', '张', '1000', '4.29', '', 'adsfaadsfaadsfaadsfaadsfaadsfa', '0', '2018-08-11 12:48:15', '2018-08-11 12:48:15');
INSERT INTO `t_order_prod` VALUES ('122', 'ZL180811000039', '1', '景兴', '50', '长*宽', '78.7*109.2', '100', '张', '1000', '4.29', '', '', '0', '2018-08-11 12:48:15', '2018-08-11 12:48:15');
INSERT INTO `t_order_prod` VALUES ('123', 'ZL180811000040', '1', '景兴', '50', '长*宽', '78.7*109.2', '100', '张', '1000', '4.29', '', 'dasdasdasdasdasdasdasdasdasdasdasdasdasdasdasdasdasdasdasdasdasdasdasdasdasdasdasdasdasdasdasdas', '0', '2018-08-11 12:50:17', '2018-08-11 12:50:17');
INSERT INTO `t_order_prod` VALUES ('124', 'ZL180811000040', '1', '景兴', '50', '长*宽', '78.7*109.2', '100', '张', '1000', '4.29', '', '', '0', '2018-08-11 12:50:17', '2018-08-11 12:50:17');
INSERT INTO `t_order_prod` VALUES ('125', 'ZL180811000041', '1', '景兴', '50', '长*宽', '78.7*109.2', '100', '张', '1000', '4.29', '', 'sdfsdfsdfsdfsdfsdfsdfsdfsdfsdfsdfsdfsdfsdfsdfsdfsdfsdfsdfsdfsdfsdfsdfsdfsdfsdfsdfsdfsdfsdfsdfsdfsdfsdfsdfsdf', '0', '2018-08-11 12:59:41', '2018-08-11 12:59:41');
INSERT INTO `t_order_prod` VALUES ('126', 'ZL180811000041', '1', '景兴', '50', '长*宽', '78.7*109.2', '100', '张', '1000', '4.29', '', '', '0', '2018-08-11 12:59:41', '2018-08-11 12:59:41');
INSERT INTO `t_order_prod` VALUES ('127', 'ZL180811000042', '1', '景兴', '50', '长*宽', '78.7*109.2', '1003', '张', '1000', '43.09', '', 'ewfdsafdsaewfdsafdsaewfdsafdsaewfdsafdsaewfdsafdsaewfdsafdsaewfdsafdsaewfdsafdsaewfdsafdsaewfdsafdsaewfdsafdsaewfdsafdsaewfdsafdsaewfdsafdsa', '0', '2018-08-11 13:01:14', '2018-08-11 13:01:14');
INSERT INTO `t_order_prod` VALUES ('128', 'ZL180811000042', '1', '景兴', '50', '长*宽', '78.7*109.2', '100', '张', '1000', '4.29', '', '', '0', '2018-08-11 13:01:14', '2018-08-11 13:01:14');
INSERT INTO `t_order_prod` VALUES ('129', 'ZL180811000043', '1', '景兴', '50', '长*宽', '78.7*109.2', '100', '张', '1000', '4.29', '', 'dsadasfdsadsadasfdsadsadasfdsadsadasfdsadsadasfdsadsadasfdsadsadasfdsadsadasfdsadsadasfdsadsadasfdsadsadasfdsadsadasfdsadsadasfdsadsadasfdsadsadasfdsadsadasfdsadsadasfdsadsadasfdsadsadasfdsadsadasfdsadsadasfdsadsadasfdsadsadasfdsadsadasfdsadsadasfdsadsadasfdsadsadasfdsadsadasfdsadsadasfdsadsadasfdsadsadasfdsadsadasfdsadsadasfdsadsadasfdsadsadasfdsadsadasfdsadsadasfdsadsadasfdsadsadasfdsadsadasfdsadsadasfdsadsadasfdsa', '0', '2018-08-11 13:04:27', '2018-08-11 13:04:27');
INSERT INTO `t_order_prod` VALUES ('130', 'ZL180811000043', '1', '景兴', '50', '长*宽', '78.7*109.2', '100', '张', '1000', '4.29', '', '', '0', '2018-08-11 13:04:27', '2018-08-11 13:04:27');
INSERT INTO `t_order_prod` VALUES ('131', 'ZL180811000043', '1', '景兴', '50', '长*宽', '78.7*109.2', '100', '张', '1000', '4.29', '', 'dasfddasfddasfddasfddasfddasfddasfddasfddasfddasfddasfddasfddasfddasfddasfd', '0', '2018-08-11 13:04:27', '2018-08-11 13:04:27');
INSERT INTO `t_order_prod` VALUES ('132', 'ZL180811000044', '1', '景兴', '50', '长*宽', '78.7*109.2', '100', '张', '1000', '4.29', '', 'dsfdasfdasdsfdasfdasdsfdasfdasdsfdasfdasdsfdasfdasdsfdasfdasdsfdasfdasdsfdasfdas', '0', '2018-08-11 13:08:38', '2018-08-11 13:08:38');
INSERT INTO `t_order_prod` VALUES ('133', 'ZL180811000044', '1', '景兴', '50', '长*宽', '78.7*109.2', '100', '张', '1000', '4.29', '', '', '0', '2018-08-11 13:08:38', '2018-08-11 13:08:38');
INSERT INTO `t_order_prod` VALUES ('134', 'ZL180811000044', '1', '景兴', '50', '长*宽', '78.7*109.2', '100', '张', '1000', '4.29', '', 'dsafdsafdsa', '0', '2018-08-11 13:08:38', '2018-08-11 13:08:38');
INSERT INTO `t_order_prod` VALUES ('135', 'ZL180811000044', '1', '景兴', '50', '长*宽', '78.7*109.2', '100', '张', '1000', '4.29', '', '', '0', '2018-08-11 13:08:38', '2018-08-11 13:08:38');
INSERT INTO `t_order_prod` VALUES ('136', 'ZL180811000045', '1', '景兴', '50', '长*宽', '78.7*109.2', '100', '张', '1000', '4.29', '', 'adsfdasadsfdasadsfdasadsfdasadsfdasadsfdasadsfdasadsfdas', '0', '2018-08-11 13:12:56', '2018-08-11 13:12:56');
INSERT INTO `t_order_prod` VALUES ('137', 'ZL180811000045', '1', '景兴', '50', '长*宽', '78.7*109.2', '100', '张', '1000', '4.29', '', '', '0', '2018-08-11 13:12:56', '2018-08-11 13:12:56');
INSERT INTO `t_order_prod` VALUES ('138', 'ZL180811000046', '1', '景兴', '50', '长*宽', '78.7*109.2', '100', '张', '1000', '4.29', '', '123123123123123123123123123', '0', '2018-08-11 15:59:46', '2018-08-11 15:59:46');
INSERT INTO `t_order_prod` VALUES ('139', 'ZL180811000046', '15', '新西兰牛卡', '50', '长*宽', '78.7*109.2', '100', '张', '1000', '4.29', '', '13123123123123123123123123123', '0', '2018-08-11 15:59:46', '2018-08-11 15:59:46');
INSERT INTO `t_order_prod` VALUES ('140', 'ZL180811000046', '17', '日本黄牛', '50', '长*宽', '78.7*109.2', '100', '张', '1000', '4.29', '', '123123123123123123123123123123123123', '0', '2018-08-11 15:59:46', '2018-08-11 15:59:46');
INSERT INTO `t_order_prod` VALUES ('141', 'ZL180811000046', '1', '景兴', '50', '长*宽', '78.7*109.2', '100', '张', '1000', '4.29', '', '123123123123123123123123123123123123123123123', '0', '2018-08-11 15:59:46', '2018-08-11 15:59:46');
INSERT INTO `t_order_prod` VALUES ('142', 'ZL180811000046', '8', '天竹精牛', '50', '长*宽', '78.7*109.2', '100', '张', '1000', '4.29', '', '', '0', '2018-08-11 15:59:46', '2018-08-11 15:59:46');
INSERT INTO `t_order_prod` VALUES ('143', 'ZL180811000046', '8', '天竹精牛', '50', '长*宽', '78.7*109.2', '100', '张', '1000', '4.29', '', '123123123123123123', '0', '2018-08-11 15:59:46', '2018-08-11 15:59:46');
INSERT INTO `t_order_prod` VALUES ('144', 'ZL180811000046', '1', '景兴', '50', '长*宽', '78.7*109.2', '100', '张', '1000', '4.29', '', '', '0', '2018-08-11 15:59:46', '2018-08-11 15:59:46');
INSERT INTO `t_order_prod` VALUES ('145', 'ZL180811000046', '7', '天林精牛', '50', '长*宽', '78.7*109.2', '100', '张', '1000', '4.29', '', '123123123123123123', '0', '2018-08-11 15:59:46', '2018-08-11 15:59:46');
INSERT INTO `t_order_prod` VALUES ('146', 'ZL180811000046', '10', '海龙牛卡', '50', '长*宽', '78.7*109.2', '100', '张', '1000', '4.29', '123123123', '123123123123123123', '0', '2018-08-11 15:59:46', '2018-08-11 15:59:46');
INSERT INTO `t_order_prod` VALUES ('147', 'ZL180811000046', '1', '景兴', '50', '宽幅', '78.7', '100', 'KG', '1000', '100', '', '', '0', '2018-08-11 15:59:46', '2018-08-11 15:59:46');
INSERT INTO `t_order_prod` VALUES ('148', 'ZL180811000047', '3', '双面浅牛', '50', '长*宽', '78.7*109.2', '100', '张', '1000', '4.29', '', '123123123123123123', '0', '2018-08-11 16:04:07', '2018-08-11 16:04:07');
INSERT INTO `t_order_prod` VALUES ('149', 'ZL180811000047', '17', '日本黄牛', '50', '宽幅', '78.7', '1005', 'KG', '1000', '1004.99', '', '123123123', '0', '2018-08-11 16:04:07', '2018-08-11 16:04:07');
INSERT INTO `t_order_prod` VALUES ('150', 'ZL180811000047', '19', '单面牛卡', '50', '宽幅', '78.7', '100', 'KG', '1000', '100', '', '', '0', '2018-08-11 16:04:07', '2018-08-11 16:04:07');
INSERT INTO `t_order_prod` VALUES ('151', 'ZL180811000047', '16', '芬兰牛卡', '50', '宽幅', '78.7', '100', 'KG', '1000', '100', '', '123123123123123123123123123', '0', '2018-08-11 16:04:07', '2018-08-11 16:04:07');
INSERT INTO `t_order_prod` VALUES ('152', 'ZL180811000047', '1', '景兴', '50', '长*宽', '109.2*78.7', '100', '张', '1000', '4.29', '', '123123123123123123123123123123123123123123123123123123', '0', '2018-08-11 16:04:07', '2018-08-11 16:04:07');
INSERT INTO `t_order_prod` VALUES ('153', 'ZL180811000047', '16', '芬兰牛卡', '50', '长*宽', '109.2*78.7', '100', '张', '1000', '4.29', '', '123123123123123123123123123123123123', '0', '2018-08-11 16:04:07', '2018-08-11 16:04:07');
INSERT INTO `t_order_prod` VALUES ('154', 'ZL180811000047', '1', '景兴', '50', '长*宽', '109.2*78.7', '100', '张', '1000', '4.29', '', '', '0', '2018-08-11 16:04:07', '2018-08-11 16:04:07');
INSERT INTO `t_order_prod` VALUES ('155', 'ZL180811000047', '1', '景兴', '50', '长*宽', '109.2*78.7', '100', '张', '1000', '4.29', '', '123123123', '0', '2018-08-11 16:04:07', '2018-08-11 16:04:07');
INSERT INTO `t_order_prod` VALUES ('156', 'ZL180811000048', '1', '景兴', '50', '长*宽', '78.7*109.2', '100', '张', '1000', '4.29', '', 'createCellcreateCellcreateCell', '0', '2018-08-11 16:07:03', '2018-08-11 16:07:03');
INSERT INTO `t_order_prod` VALUES ('157', 'ZL180811000048', '1', '景兴', '50', '长*宽', '78.7*109.2', '100', '张', '113223', '486.52', '', 'createCellcreateCell', '0', '2018-08-11 16:07:03', '2018-08-11 16:07:03');
INSERT INTO `t_order_prod` VALUES ('158', 'ZL180811000048', '1', '景兴', '50', '长*宽', '78.7*109.2', '100', '张', '1000', '4.29', '', '', '0', '2018-08-11 16:07:03', '2018-08-11 16:07:03');
INSERT INTO `t_order_prod` VALUES ('159', 'ZL180811000048', '1', '景兴', '50', '长*宽', '78.7*109.2', '100', '张', '1000', '4.29', '', '', '0', '2018-08-11 16:07:03', '2018-08-11 16:07:03');
INSERT INTO `t_order_prod` VALUES ('160', 'ZL180811000048', '13', '美牛GP', '175', '宽幅', '78.7', '100', 'KG', '1000', '15.03', '', 'createCellcreateCellcreateCellcreateCellcreateCellcreateCellcreateCellcreateCell', '0', '2018-08-11 16:07:03', '2018-08-11 16:07:03');
INSERT INTO `t_order_prod` VALUES ('161', 'ZL180811000048', '13', '美牛GP', '200', '宽幅', '78.7', '100', 'KG', '1000', '100', '', 'createCellcreateCellcreateCell', '0', '2018-08-11 16:07:03', '2018-08-11 16:07:03');
INSERT INTO `t_order_prod` VALUES ('162', 'ZL180811000048', '14', '澳洲牛卡', '200', '长*宽', '78.7*109.2', '100', '张', '1000', '17.18', '', '', '0', '2018-08-11 16:07:03', '2018-08-11 16:07:03');
INSERT INTO `t_order_prod` VALUES ('163', 'ZL180811000048', '16', '芬兰牛卡', '200', '长*宽', '78.7*109.2', '100', '张', '1000', '17.18', '', 'createCellcreateCell', '0', '2018-08-11 16:07:03', '2018-08-11 16:07:03');
INSERT INTO `t_order_prod` VALUES ('164', 'ZL180811000048', '16', '芬兰牛卡', '200', '长*宽', '78.7*109.2', '100', '张', '1000', '17.18', '', 'createCellcreateCellcreateCellcreateCell', '0', '2018-08-11 16:07:03', '2018-08-11 16:07:03');
INSERT INTO `t_order_prod` VALUES ('165', 'ZL180811000048', '1', '景兴', '200', '长*宽', '78.7*109.2', '100', '张', '1000', '17.18', '', '', '0', '2018-08-11 16:07:03', '2018-08-11 16:07:03');
INSERT INTO `t_order_prod` VALUES ('166', 'ZL180811000049', '18', '俄罗斯牛卡', '50', '长*宽', '78.7*109.2', '100', '张', '1000', '4.29', '', '', '0', '2018-08-11 16:09:40', '2018-08-11 16:09:40');
INSERT INTO `t_order_prod` VALUES ('167', 'ZL180811000049', '17', '日本黄牛', '50', '宽幅', '78.7', '100', 'KG', '1000', '100', '', 'createCellcreateCellcreateCellcreateCellcreateCell', '0', '2018-08-11 16:09:40', '2018-08-11 16:09:40');
INSERT INTO `t_order_prod` VALUES ('168', 'ZL180811000049', '17', '日本黄牛', '50', '长*宽', '78.7*109.2', '100', '张', '1000', '4.29', '', 'createCellcreateCellcreateCellcreateCellcreateCellcreateCell', '0', '2018-08-11 16:09:40', '2018-08-11 16:09:40');
INSERT INTO `t_order_prod` VALUES ('169', 'ZL180811000049', '16', '芬兰牛卡', '50', '长*宽', '78.7*109.2', '100', '张', '1000', '4.29', '', 'createCellcreateCellcreateCellcreateCellcreateCellcreateCell', '0', '2018-08-11 16:09:40', '2018-08-11 16:09:40');
INSERT INTO `t_order_prod` VALUES ('170', 'ZL180811000049', '16', '芬兰牛卡', '50', '长*宽', '78.7*109.2', '100', '张', '1000', '4.29', '', '', '0', '2018-08-11 16:09:40', '2018-08-11 16:09:40');
INSERT INTO `t_order_prod` VALUES ('171', 'ZL180811000049', '1', '景兴', '50', '宽幅', '78.7', '100', 'KG', '1000', '100', '', '', '0', '2018-08-11 16:09:40', '2018-08-11 16:09:40');
INSERT INTO `t_order_prod` VALUES ('172', 'ZL180811000049', '14', '澳洲牛卡', '50', '宽幅', '78.7', '100', 'KG', '1000', '100', '', 'createCellcreateCellcreateCellcreateCellcreateCell', '0', '2018-08-11 16:09:40', '2018-08-11 16:09:40');
INSERT INTO `t_order_prod` VALUES ('173', 'ZL180811000050', '1', '景兴', '50', '长*宽', '78.7*109.2', '100', '张', '1000', '4.29', '', '.setCellStyle(cellStyle);.setCellStyle(cellStyle);.setCellStyle(cellStyle);', '0', '2018-08-11 16:16:02', '2018-08-11 16:16:02');
INSERT INTO `t_order_prod` VALUES ('174', 'ZL180811000050', '1', '景兴', '50', '长*宽', '78.7*109.2', '100', '张', '1000', '4.29', '', '', '0', '2018-08-11 16:16:02', '2018-08-11 16:16:02');
INSERT INTO `t_order_prod` VALUES ('175', 'ZL180811000050', '3', '双面浅牛', '50', '长*宽', '78.7*109.2', '100', '张', '1000', '4.29', '', '.setCellStyle(cellStyle);.setCellStyle(cellStyle);.setCellStyle(cellStyle);', '0', '2018-08-11 16:16:02', '2018-08-11 16:16:02');
INSERT INTO `t_order_prod` VALUES ('176', 'ZL180811000050', '6', '双牛', '50', '长*宽', '78.7*109.2', '100', '张', '1000', '4.29', '', '', '0', '2018-08-11 16:16:02', '2018-08-11 16:16:02');
INSERT INTO `t_order_prod` VALUES ('177', 'ZL180811000050', '18', '俄罗斯牛卡', '50', '长*宽', '78.7*109.2', '100', '张', '1000', '4.29', '', '.setCellStyle(cellStyle);.setCellStyle(cellStyle);.setCellStyle(cellStyle);', '0', '2018-08-11 16:16:02', '2018-08-11 16:16:02');
INSERT INTO `t_order_prod` VALUES ('178', 'ZL180811000050', '16', '芬兰牛卡', '50', '宽幅', '78.7', '100', 'KG', '11', '0.04', '', '', '0', '2018-08-11 16:16:02', '2018-08-11 16:16:02');
INSERT INTO `t_order_prod` VALUES ('179', 'ZL180811000050', '1', '景兴', '50', '宽幅', '78.7', '100', 'KG', '1000', '100', '', '.setCellStyle(cellStyle);.setCellStyle(cellStyle);', '0', '2018-08-11 16:16:02', '2018-08-11 16:16:02');
INSERT INTO `t_order_prod` VALUES ('180', 'ZL180811000050', '17', '日本黄牛', '50', '宽幅', '78.7', '100', 'KG', '1000', '100', '', '.setCellStyle(cellStyle);.setCellStyle(cellStyle);', '0', '2018-08-11 16:16:02', '2018-08-11 16:16:02');
INSERT INTO `t_order_prod` VALUES ('181', 'ZL180811000051', '1', '景兴', '50', '长*宽', '78.7*109.2', '100', '张', '1000', '4.29', '', '', '0', '2018-08-11 16:20:54', '2018-08-11 16:20:54');
INSERT INTO `t_order_prod` VALUES ('182', 'ZL180811000051', '1', '景兴', '50', '长*宽', '78.7*109.2', '100', '张', '1000', '4.29', '', '', '0', '2018-08-11 16:20:54', '2018-08-11 16:20:54');
INSERT INTO `t_order_prod` VALUES ('183', 'ZL180811000051', '1', '景兴', '50', '长*宽', '78.7*109.2', '100', '张', '1000', '4.29', '', '', '0', '2018-08-11 16:20:54', '2018-08-11 16:20:54');
INSERT INTO `t_order_prod` VALUES ('184', 'ZL180811000051', '18', '俄罗斯牛卡', '50', '宽幅', '78.7', '100', 'KG', '1000', '100', '', '', '0', '2018-08-11 16:20:54', '2018-08-11 16:20:54');
INSERT INTO `t_order_prod` VALUES ('185', 'ZL180811000051', '16', '芬兰牛卡', '50', '宽幅', '78.7', '100', 'KG', '1000', '100', '', '', '0', '2018-08-11 16:20:54', '2018-08-11 16:20:54');
INSERT INTO `t_order_prod` VALUES ('186', 'ZL180811000051', '15', '新西兰牛卡', '50', '宽幅', '78.7', '100', 'KG', '1000', '100', '', '', '0', '2018-08-11 16:20:54', '2018-08-11 16:20:54');
INSERT INTO `t_order_prod` VALUES ('187', 'ZL180811000051', '1', '景兴', '50', '宽幅', '78.7', '100', 'KG', '1000', '100', '', '', '0', '2018-08-11 16:20:54', '2018-08-11 16:20:54');
INSERT INTO `t_order_prod` VALUES ('188', 'ZL180811000052', '1', '景兴', '50', '长*宽', '78.7*109.2', '100', '张', '1000', '4.29', '', '', '0', '2018-08-11 16:31:19', '2018-08-11 16:31:19');
INSERT INTO `t_order_prod` VALUES ('189', 'ZL180811000052', '1', '景兴', '50', '长*宽', '78.7*109.2', '100', '张', '1000', '4.29', '', '', '0', '2018-08-11 16:31:19', '2018-08-11 16:31:19');
INSERT INTO `t_order_prod` VALUES ('190', 'ZL180811000052', '1', '景兴', '80', '长*宽', '78.7*109.2', '100', '张', '1000', '6.87', '', '', '0', '2018-08-11 16:31:19', '2018-08-11 16:31:19');
INSERT INTO `t_order_prod` VALUES ('191', 'ZL180811000052', '1', '景兴', '80', '长*宽', '78.7*109.2', '100', '张', '1000', '6.87', '', '', '0', '2018-08-11 16:31:19', '2018-08-11 16:31:19');
INSERT INTO `t_order_prod` VALUES ('192', 'ZL180811000052', '1', '景兴', '80', '长*宽', '88.9*119.4', '100', '张', '1000', '8.49', '', '', '0', '2018-08-11 16:31:19', '2018-08-11 16:31:19');
INSERT INTO `t_order_prod` VALUES ('193', 'ZL180811000052', '1', '景兴', '80', '长*宽', '88.9*119.4', '100', '张', '1000', '8.49', '', '', '0', '2018-08-11 16:31:19', '2018-08-11 16:31:19');
INSERT INTO `t_order_prod` VALUES ('194', 'ZL180811000052', '1', '景兴', '80', '宽幅', '78.7', '100', 'KG', '1000', '100', '', '', '0', '2018-08-11 16:31:19', '2018-08-11 16:31:19');
INSERT INTO `t_order_prod` VALUES ('195', 'ZL180811000052', '1', '景兴', '80', '宽幅', '78.7', '100', 'KG', '1000', '100', '', '', '0', '2018-08-11 16:31:19', '2018-08-11 16:31:19');
INSERT INTO `t_order_prod` VALUES ('196', 'ZL180811000053', '1', '景兴', '50', '长*宽', '78.7*109.2', '100', '张', '1000', '4.29', '', '', '0', '2018-08-11 16:49:13', '2018-08-11 16:49:13');
INSERT INTO `t_order_prod` VALUES ('197', 'ZL180811000053', '1', '景兴', '50', '长*宽', '78.7*109.2', '100', '张', '1000', '4.29', '', '', '0', '2018-08-11 16:49:13', '2018-08-11 16:49:13');
INSERT INTO `t_order_prod` VALUES ('198', 'ZL180811000053', '1', '景兴', '90', '长*宽', '78.7*109.2', '100', '张', '1000', '7.73', '', '', '0', '2018-08-11 16:49:13', '2018-08-11 16:49:13');
INSERT INTO `t_order_prod` VALUES ('199', 'ZL180811000053', '1', '景兴', '90', '长*宽', '78.7*109.2', '100', '张', '1000', '7.73', '', '', '0', '2018-08-11 16:49:13', '2018-08-11 16:49:13');
INSERT INTO `t_order_prod` VALUES ('200', 'ZL180811000053', '15', '新西兰牛卡', '90', '长*宽', '78.7*109.2', '100', '张', '1000', '7.73', '', '', '0', '2018-08-11 16:49:13', '2018-08-11 16:49:13');
INSERT INTO `t_order_prod` VALUES ('201', 'ZL180811000053', '7', '天林精牛', '90', '长*宽', '78.7*109.2', '100', '张', '1000', '7.73', '', '', '0', '2018-08-11 16:49:13', '2018-08-11 16:49:13');
INSERT INTO `t_order_prod` VALUES ('202', 'ZL180811000053', '1', '景兴', '90', '宽幅', '78.7', '100', 'KG', '1000', '100', '', '', '0', '2018-08-11 16:49:13', '2018-08-11 16:49:13');
INSERT INTO `t_order_prod` VALUES ('203', 'ZL180811000053', '1', '景兴', '90', '宽幅', '78.7', '100', 'KG', '1000', '100', '', '', '0', '2018-08-11 16:49:13', '2018-08-11 16:49:13');
INSERT INTO `t_order_prod` VALUES ('204', 'ZL180811000053', '1', '景兴', '90', '宽幅', '78.7', '100', 'KG', '1000', '100', '', '', '0', '2018-08-11 16:49:13', '2018-08-11 16:49:13');
INSERT INTO `t_order_prod` VALUES ('205', 'ZL180811000053', '1', '景兴', '90', '宽幅', '78.7', '100', 'KG', '1000', '100', '', '', '0', '2018-08-11 16:49:13', '2018-08-11 16:49:13');
INSERT INTO `t_order_prod` VALUES ('206', 'ZL180811000054', '1', '景兴', '50', '长*宽', '78.7*109.2', '100', '张', '1000', '4.29', '', '', '0', '2018-08-11 17:17:42', '2018-08-11 17:17:42');
INSERT INTO `t_order_prod` VALUES ('207', 'ZL180811000054', '18', '俄罗斯牛卡', '50', '长*宽', '78.7*109.2', '100', '张', '1000', '4.29', '', '', '0', '2018-08-11 17:17:42', '2018-08-11 17:17:42');
INSERT INTO `t_order_prod` VALUES ('208', 'ZL180811000054', '16', '芬兰牛卡', '50', '长*宽', '78.7*109.2', '100', '张', '1000', '4.29', '', '', '0', '2018-08-11 17:17:42', '2018-08-11 17:17:42');
INSERT INTO `t_order_prod` VALUES ('209', 'ZL180811000054', '1', '景兴', '50', '长*宽', '109.2*78.7', '100', '张', '1000', '4.29', '', '', '0', '2018-08-11 17:17:42', '2018-08-11 17:17:42');
INSERT INTO `t_order_prod` VALUES ('210', 'ZL180811000054', '1', '景兴', '50', '宽幅', '78.7', '100', 'KG', '1000', '100', '', '', '0', '2018-08-11 17:17:42', '2018-08-11 17:17:42');
INSERT INTO `t_order_prod` VALUES ('211', 'ZL180811000054', '16', '芬兰牛卡', '175', '宽幅', '78.7', '100', 'KG', '1000', '100', '', '', '0', '2018-08-11 17:17:42', '2018-08-11 17:17:42');
INSERT INTO `t_order_prod` VALUES ('212', 'ZL180811000054', '16', '芬兰牛卡', '175', '宽幅', '78.7', '100', 'KG', '1000', '100', '', '', '0', '2018-08-11 17:17:42', '2018-08-11 17:17:42');
INSERT INTO `t_order_prod` VALUES ('213', 'ZL180811000054', '17', '日本黄牛', '175', '宽幅', '78.7', '100', 'KG', '1000', '100', '', '', '0', '2018-08-11 17:17:42', '2018-08-11 17:17:42');
INSERT INTO `t_order_prod` VALUES ('214', 'ZL180811000055', '1', '景兴', '50', '长*宽', '78.7*109.2', '100', '张', '1000', '4.29', '', '', '0', '2018-08-11 17:25:04', '2018-08-11 17:25:04');
INSERT INTO `t_order_prod` VALUES ('215', 'ZL180811000055', '3', '双面浅牛', '50', '宽幅', '78.7', '100', 'KG', '1000', '100', '', '', '0', '2018-08-11 17:25:04', '2018-08-11 17:25:04');
INSERT INTO `t_order_prod` VALUES ('216', 'ZL180811000055', '4', '包装纸', '50', '宽幅', '78.7', '100', 'KG', '1000', '100', '', '', '0', '2018-08-11 17:25:04', '2018-08-11 17:25:04');
INSERT INTO `t_order_prod` VALUES ('217', 'ZL180811000055', '5', '打包纸', '70', '宽幅', '78.7', '100', 'KG', '1000', '100', '', '', '0', '2018-08-11 17:25:04', '2018-08-11 17:25:04');
INSERT INTO `t_order_prod` VALUES ('218', 'ZL180811000055', '4', '包装纸', '70', '宽幅', '78.7', '100', 'KG', '1000', '100', '', '', '0', '2018-08-11 17:25:04', '2018-08-11 17:25:04');
INSERT INTO `t_order_prod` VALUES ('219', 'ZL180811000055', '7', '天林精牛', '70', '宽幅', '78.7', '100', 'KG', '1000', '100', '', '', '0', '2018-08-11 17:25:04', '2018-08-11 17:25:04');
INSERT INTO `t_order_prod` VALUES ('220', 'ZL180811000055', '5', '打包纸', '70', '宽幅', '78.7', '100', 'KG', '1000', '100', '', '', '0', '2018-08-11 17:25:04', '2018-08-11 17:25:04');
INSERT INTO `t_order_prod` VALUES ('221', 'ZL180811000055', '5', '打包纸', '70', '宽幅', '78.7', '100', 'KG', '1000', '100', '', '', '0', '2018-08-11 17:25:04', '2018-08-11 17:25:04');
INSERT INTO `t_order_prod` VALUES ('222', 'ZL180811000056', '1', '景兴', '50', '长*宽', '78.7*109.2', '100', '张', '1000', '4.29', '', '', '0', '2018-08-11 17:28:50', '2018-08-11 17:28:50');
INSERT INTO `t_order_prod` VALUES ('223', 'ZL180811000056', '2', '双面红牛', '50', '宽幅', '78.7', '100', 'KG', '1000', '100', '', '', '0', '2018-08-11 17:28:50', '2018-08-11 17:28:50');
INSERT INTO `t_order_prod` VALUES ('224', 'ZL180811000056', '4', '包装纸', '70', '宽幅', '78.7', '100', 'KG', '1000', '100', '', '', '0', '2018-08-11 17:28:50', '2018-08-11 17:28:50');
INSERT INTO `t_order_prod` VALUES ('225', 'ZL180811000056', '1', '景兴', '70', '长*宽', '78.7*109.2', '100', '张', '1000', '6.01', '', '', '0', '2018-08-11 17:28:50', '2018-08-11 17:28:50');
INSERT INTO `t_order_prod` VALUES ('226', 'ZL180811000056', '4', '包装纸', '70', '长*宽', '78.7*109.2', '100', '张', '1000', '6.01', '', '', '0', '2018-08-11 17:28:50', '2018-08-11 17:28:50');
INSERT INTO `t_order_prod` VALUES ('227', 'ZL180811000056', '5', '打包纸', '70', '长*宽', '78.7*109.2', '100', '张', '1000', '6.01', '', '', '0', '2018-08-11 17:28:50', '2018-08-11 17:28:50');
INSERT INTO `t_order_prod` VALUES ('228', 'ZL180811000056', '3', '双面浅牛', '70', '长*宽', '78.7*109.2', '100', '张', '1000', '6.01', '', '', '0', '2018-08-11 17:28:50', '2018-08-11 17:28:50');
INSERT INTO `t_order_prod` VALUES ('229', 'ZL180811000056', '1', '景兴', '70', '宽幅', '78.7', '100', 'KG', '1000', '100', '', '', '0', '2018-08-11 17:28:50', '2018-08-11 17:28:50');
INSERT INTO `t_order_prod` VALUES ('230', 'ZL180811000057', '14', '澳洲牛卡', '50', '长*宽', '78.7*109.2', '100', '张', '1000', '4.29', '', '123.123.123.123.123.123.123.123.123.123.123.123.123.123.123', '0', '2018-08-11 17:33:10', '2018-08-11 17:33:10');
INSERT INTO `t_order_prod` VALUES ('231', 'ZL180811000057', '17', '日本黄牛', '50', '长*宽', '78.7*109.2', '100', '张', '1000', '4.29', '', '', '0', '2018-08-11 17:33:10', '2018-08-11 17:33:10');
INSERT INTO `t_order_prod` VALUES ('232', 'ZL180811000057', '18', '俄罗斯牛卡', '180', '长*宽', '78.7*109.2', '100', '张', '1000', '15.46', '', '', '0', '2018-08-11 17:33:10', '2018-08-11 17:33:10');
INSERT INTO `t_order_prod` VALUES ('233', 'ZL180811000057', '1', '景兴', '180', '长*宽', '78.7*109.2', '100', '张', '1000', '15.46', '', '', '0', '2018-08-11 17:33:10', '2018-08-11 17:33:10');
INSERT INTO `t_order_prod` VALUES ('234', 'ZL180811000057', '1', '景兴', '180', '宽幅', '78.7', '100', 'KG', '1000', '100', '', '', '0', '2018-08-11 17:33:10', '2018-08-11 17:33:10');
INSERT INTO `t_order_prod` VALUES ('235', 'ZL180811000057', '6', '双牛', '180', '宽幅', '78.7', '100', 'KG', '1000', '100', '', '', '0', '2018-08-11 17:33:10', '2018-08-11 17:33:10');
INSERT INTO `t_order_prod` VALUES ('236', 'ZL180811000057', '5', '打包纸', '180', '宽幅', '78.7', '100', 'KG', '1000', '100', '', '', '0', '2018-08-11 17:33:10', '2018-08-11 17:33:10');
INSERT INTO `t_order_prod` VALUES ('237', 'ZL180811000057', '10', '海龙牛卡', '180', '宽幅', '78.7', '100', 'KG', '1000', '100', '', '', '0', '2018-08-11 17:33:10', '2018-08-11 17:33:10');
INSERT INTO `t_order_prod` VALUES ('238', 'ZL180811000058', '1', '景兴', '50', '长*宽', '78.7*109.2', '100', '张', '1000', '4.29', '', '123.123.123.123.123.123.123.123.123.123.123.123.123.123.123.123', '0', '2018-08-11 17:40:31', '2018-08-11 17:40:31');
INSERT INTO `t_order_prod` VALUES ('239', 'ZL180811000058', '17', '日本黄牛', '50', '长*宽', '78.7*109.2', '100', '张', '1000', '4.29', '', '', '0', '2018-08-11 17:40:31', '2018-08-11 17:40:31');
INSERT INTO `t_order_prod` VALUES ('240', 'ZL180811000058', '1', '景兴', '50', '长*宽', '78.7*109.2', '100', '张', '1000', '4.29', '', '', '0', '2018-08-11 17:40:31', '2018-08-11 17:40:31');
INSERT INTO `t_order_prod` VALUES ('241', 'ZL180811000058', '19', '单面牛卡', '50', '长*宽', '78.7*109.2', '100', '张', '1000', '4.29', '', '', '0', '2018-08-11 17:40:31', '2018-08-11 17:40:31');
INSERT INTO `t_order_prod` VALUES ('242', 'ZL180811000058', '16', '芬兰牛卡', '200', '长*宽', '78.7*109.2', '100', '张', '1000', '17.18', '', '', '0', '2018-08-11 17:40:31', '2018-08-11 17:40:31');
INSERT INTO `t_order_prod` VALUES ('243', 'ZL180811000058', '12', '美国牛卡', '170', '长*宽', '78.7*109.2', '100', '张', '1000', '14.6', '', '', '0', '2018-08-11 17:40:31', '2018-08-11 17:40:31');
INSERT INTO `t_order_prod` VALUES ('244', 'ZL180811000058', '15', '新西兰牛卡', '170', '长*宽', '78.7*109.2', '100', '张', '1000', '14.6', '', '', '0', '2018-08-11 17:40:31', '2018-08-11 17:40:31');
INSERT INTO `t_order_prod` VALUES ('245', 'ZL180811000058', '5', '打包纸', '170', '长*宽', '78.7*109.2', '100', '张', '1000', '14.6', '', '', '0', '2018-08-11 17:40:31', '2018-08-11 17:40:31');
INSERT INTO `t_order_prod` VALUES ('246', 'ZL180811000059', '3', '双面浅牛', '50', '长*宽', '78.7*109.2', '100', '张', '1000', '4.29', '', '123.123.123.123.123.123.123.123.123.123.123.123.123.123.123.123.123.123', '0', '2018-08-11 17:45:49', '2018-08-11 17:45:49');
INSERT INTO `t_order_prod` VALUES ('247', 'ZL180811000059', '4', '包装纸', '50', '长*宽', '78.7*109.2', '100', '张', '1000', '4.29', '', '', '0', '2018-08-11 17:45:49', '2018-08-11 17:45:49');
INSERT INTO `t_order_prod` VALUES ('248', 'ZL180811000059', '3', '双面浅牛', '50', '长*宽', '78.7*109.2', '100', '张', '1000', '4.29', '', '', '0', '2018-08-11 17:45:49', '2018-08-11 17:45:49');
INSERT INTO `t_order_prod` VALUES ('249', 'ZL180811000059', '4', '包装纸', '50', '宽幅', '78.7', '100', 'KG', '1000', '100', '', '', '0', '2018-08-11 17:45:49', '2018-08-11 17:45:49');
INSERT INTO `t_order_prod` VALUES ('250', 'ZL180811000059', '7', '天林精牛', '50', '宽幅', '78.7', '100', 'KG', '1000', '100', '', '', '0', '2018-08-11 17:45:49', '2018-08-11 17:45:49');
INSERT INTO `t_order_prod` VALUES ('251', 'ZL180811000059', '9', '玖龙牛卡', '50', '宽幅', '78.7', '100', 'KG', '1100', '110', '', '', '0', '2018-08-11 17:45:49', '2018-08-11 17:45:49');
INSERT INTO `t_order_prod` VALUES ('252', 'ZL180811000059', '1', '景兴', '50', '宽幅', '78.7', '100', 'KG', '1000', '100', '', '', '0', '2018-08-11 17:45:49', '2018-08-11 17:45:49');
INSERT INTO `t_order_prod` VALUES ('253', 'ZL180811000059', '9', '玖龙牛卡', '50', '宽幅', '78.7', '100', 'KG', '1000', '100', '', '', '0', '2018-08-11 17:45:49', '2018-08-11 17:45:49');
INSERT INTO `t_order_prod` VALUES ('254', 'ZL180811000060', '1', '景兴', '50', '长*宽', '78.7*109.2', '100', '张', '1000', '4.29', '', '123.123.123.123.123.123.123.123.123.123.123.123.123.123.123.123', '0', '2018-08-11 17:53:43', '2018-08-11 17:53:43');
INSERT INTO `t_order_prod` VALUES ('255', 'ZL180811000060', '1', '景兴', '50', '宽幅', '78.7', '100', 'KG', '1000', '100', '', '', '0', '2018-08-11 17:53:43', '2018-08-11 17:53:43');
INSERT INTO `t_order_prod` VALUES ('256', 'ZL180811000060', '1', '景兴', '170', '长*宽', '78.7*109.2', '100', '张', '1000', '14.6', '', '', '0', '2018-08-11 17:53:43', '2018-08-11 17:53:43');
INSERT INTO `t_order_prod` VALUES ('257', 'ZL180811000060', '17', '日本黄牛', '170', '长*宽', '78.7*109.2', '100', '张', '1000', '14.6', '', '', '0', '2018-08-11 17:53:43', '2018-08-11 17:53:43');
INSERT INTO `t_order_prod` VALUES ('258', 'ZL180811000060', '15', '新西兰牛卡', '170', '长*宽', '78.7*109.2', '100', '张', '1000', '14.6', '', '', '0', '2018-08-11 17:53:43', '2018-08-11 17:53:43');
INSERT INTO `t_order_prod` VALUES ('259', 'ZL180811000060', '18', '俄罗斯牛卡', '170', '长*宽', '78.7*109.2', '100', '张', '1000', '14.6', '', '', '0', '2018-08-11 17:53:43', '2018-08-11 17:53:43');
INSERT INTO `t_order_prod` VALUES ('260', 'ZL180811000060', '19', '单面牛卡', '170', '长*宽', '78.7*109.2', '100', '张', '1000', '14.6', '', '', '0', '2018-08-11 17:53:43', '2018-08-11 17:53:43');
INSERT INTO `t_order_prod` VALUES ('261', 'ZL180811000060', '7', '天林精牛', '170', '长*宽', '78.7*109.2', '100', '张', '1000', '14.6', '', '', '0', '2018-08-11 17:53:43', '2018-08-11 17:53:43');
INSERT INTO `t_order_prod` VALUES ('262', 'ZL180811000060', '12', '美国牛卡', '170', '长*宽', '78.7*109.2', '100', '张', '1000', '14.6', '', '123.123.123.123.123.123.123.123.123.123.123.123.123.123.123.123.', '0', '2018-08-11 17:53:43', '2018-08-11 17:53:43');
INSERT INTO `t_order_prod` VALUES ('263', 'ZL180811000060', '1', '景兴', '170', '宽幅', '78.7', '100', 'KG', '1000', '100', '', '', '0', '2018-08-11 17:53:43', '2018-08-11 17:53:43');
INSERT INTO `t_order_prod` VALUES ('264', 'ZL180811000061', '1', '景兴', '50', '长*宽', '78.7*109.2', '100', '张', '1000', '4.29', '', '123.123.123.123.123.123.123.123.123.123.123.123.123.123', '0', '2018-08-11 17:59:53', '2018-08-11 17:59:53');
INSERT INTO `t_order_prod` VALUES ('265', 'ZL180811000061', '15', '新西兰牛卡', '50', '长*宽', '78.7*109.2', '100', '张', '1000', '4.29', '', '', '0', '2018-08-11 17:59:53', '2018-08-11 17:59:53');
INSERT INTO `t_order_prod` VALUES ('266', 'ZL180811000061', '17', '日本黄牛', '50', '长*宽', '78.7*109.2', '100', '张', '1000', '4.29', '', '123.123.123.123', '0', '2018-08-11 17:59:53', '2018-08-11 17:59:53');
INSERT INTO `t_order_prod` VALUES ('267', 'ZL180811000061', '16', '芬兰牛卡', '50', '长*宽', '78.7*109.2', '100', '张', '1000', '4.29', '', '', '0', '2018-08-11 17:59:53', '2018-08-11 17:59:53');
INSERT INTO `t_order_prod` VALUES ('268', 'ZL180811000061', '14', '澳洲牛卡', '50', '长*宽', '78.7*109.2', '100', '张', '1000', '4.29', '', '', '0', '2018-08-11 17:59:53', '2018-08-11 17:59:53');
INSERT INTO `t_order_prod` VALUES ('269', 'ZL180811000061', '9', '玖龙牛卡', '50', '长*宽', '78.7*109.2', '100', '张', '1000', '4.29', '', '123.123.123.123', '0', '2018-08-11 17:59:53', '2018-08-11 17:59:53');
INSERT INTO `t_order_prod` VALUES ('270', 'ZL180811000061', '10', '海龙牛卡', '100', '长*宽', '78.7*109.2', '100', '张', '1000', '8.59', '', '', '0', '2018-08-11 17:59:53', '2018-08-11 17:59:53');
INSERT INTO `t_order_prod` VALUES ('271', 'ZL180811000061', '10', '海龙牛卡', '100', '长*宽', '78.7*109.2', '100', '张', '1000', '8.59', '', '123.123.123.123.123.123.123.123', '0', '2018-08-11 17:59:53', '2018-08-11 17:59:53');
INSERT INTO `t_order_prod` VALUES ('272', 'ZL180811000061', '10', '海龙牛卡', '100', '长*宽', '78.7*109.2', '100', '张', '1000', '8.59', '', '', '0', '2018-08-11 17:59:53', '2018-08-11 17:59:53');
INSERT INTO `t_order_prod` VALUES ('273', 'ZL180811000061', '6', '双牛', '70', '长*宽', '78.7*109.2', '100', '张', '1000', '6.01', '', '', '0', '2018-08-11 17:59:53', '2018-08-11 17:59:53');
INSERT INTO `t_order_prod` VALUES ('274', 'ZL180811000062', '19', '单面牛卡', '50', '长*宽', '78.7*109.2', '100', '张', '1000', '4.29', '', '123.123.123.123.123.123.123.123.123.123.123.123.123.123', '0', '2018-08-11 18:04:42', '2018-08-11 18:04:42');
INSERT INTO `t_order_prod` VALUES ('275', 'ZL180811000062', '18', '俄罗斯牛卡', '50', '长*宽', '78.7*109.2', '100', '张', '1000', '4.29', '', '', '0', '2018-08-11 18:04:42', '2018-08-11 18:04:42');
INSERT INTO `t_order_prod` VALUES ('276', 'ZL180811000062', '19', '单面牛卡', '50', '长*宽', '78.7*109.2', '100', '张', '1000', '4.29', '', '123.123.123.123', '0', '2018-08-11 18:04:42', '2018-08-11 18:04:42');
INSERT INTO `t_order_prod` VALUES ('277', 'ZL180811000062', '18', '俄罗斯牛卡', '50', '宽幅', '78.7', '100', 'KG', '1000', '100', '', '', '0', '2018-08-11 18:04:42', '2018-08-11 18:04:42');
INSERT INTO `t_order_prod` VALUES ('278', 'ZL180811000062', '17', '日本黄牛', '50', '宽幅', '78.7', '100', 'KG', '1000', '100', '', '', '0', '2018-08-11 18:04:42', '2018-08-11 18:04:42');
INSERT INTO `t_order_prod` VALUES ('279', 'ZL180811000062', '15', '新西兰牛卡', '50', '长*宽', '78.7*109.2', '100', '张', '1000', '4.29', '', '123.123.123.123.123.123', '0', '2018-08-11 18:04:42', '2018-08-11 18:04:42');
INSERT INTO `t_order_prod` VALUES ('280', 'ZL180811000062', '14', '澳洲牛卡', '50', '长*宽', '78.7*109.2', '100', '张', '1000', '4.29', '', '', '0', '2018-08-11 18:04:42', '2018-08-11 18:04:42');
INSERT INTO `t_order_prod` VALUES ('281', 'ZL180811000062', '6', '双牛', '50', '长*宽', '78.7*109.2', '100', '张', '1000', '4.29', '', '', '0', '2018-08-11 18:04:42', '2018-08-11 18:04:42');
INSERT INTO `t_order_prod` VALUES ('282', 'ZL180811000062', '13', '美牛GP', '50', '长*宽', '78.7*109.2', '100', '张', '1000', '4.29', '', '', '0', '2018-08-11 18:04:42', '2018-08-11 18:04:42');
INSERT INTO `t_order_prod` VALUES ('283', 'ZL180811000063', '1', '景兴', '50', '长*宽', '78.7*109.2', '100', '张', '1000', '4.29', '', '123.123.123.123.123.123.123.123.123', '0', '2018-08-11 18:23:11', '2018-08-11 18:23:11');
INSERT INTO `t_order_prod` VALUES ('284', 'ZL180811000063', '10', '海龙牛卡', '170', '长*宽', '78.7*109.2', '100', '张', '1000', '14.6', '', '', '0', '2018-08-11 18:23:11', '2018-08-11 18:23:11');
INSERT INTO `t_order_prod` VALUES ('285', 'ZL180811000063', '5', '打包纸', '170', '长*宽', '78.7*109.2', '100', '张', '1000', '14.6', '', '', '0', '2018-08-11 18:23:11', '2018-08-11 18:23:11');
INSERT INTO `t_order_prod` VALUES ('286', 'ZL180811000063', '10', '海龙牛卡', '170', '长*宽', '78.7*109.2', '100', '张', '1000', '14.6', '', '', '0', '2018-08-11 18:23:11', '2018-08-11 18:23:11');
INSERT INTO `t_order_prod` VALUES ('287', 'ZL180811000063', '11', '地龙牛卡', '170', '长*宽', '78.7*109.2', '100', '张', '1000', '14.6', '', '', '0', '2018-08-11 18:23:11', '2018-08-11 18:23:11');
INSERT INTO `t_order_prod` VALUES ('288', 'ZL180811000063', '14', '澳洲牛卡', '170', '长*宽', '78.7*109.2', '100', '张', '1000', '14.6', '', '', '0', '2018-08-11 18:23:11', '2018-08-11 18:23:11');
INSERT INTO `t_order_prod` VALUES ('289', 'ZL180811000063', '11', '地龙牛卡', '170', '长*宽', '78.7*109.2', '100', '张', '1000', '14.6', '', '', '0', '2018-08-11 18:23:11', '2018-08-11 18:23:11');
INSERT INTO `t_order_prod` VALUES ('290', 'ZL180811000063', '18', '俄罗斯牛卡', '80', '长*宽', '78.7*109.2', '100', '张', '1000', '6.87', '', '', '0', '2018-08-11 18:23:11', '2018-08-11 18:23:11');
INSERT INTO `t_order_prod` VALUES ('291', 'ZL180811000063', '11', '地龙牛卡', '80', '长*宽', '78.7*109.2', '100', '张', '1000', '6.87', '', '', '0', '2018-08-11 18:23:11', '2018-08-11 18:23:11');
INSERT INTO `t_order_prod` VALUES ('292', 'ZL180811000064', '18', '俄罗斯牛卡', '50', '长*宽', '78.7*109.2', '100', '张', '1000', '4.29', '', '123.123.123.123.123.123.123.123.123.123.123.123', '0', '2018-08-11 18:52:52', '2018-08-11 18:52:52');
INSERT INTO `t_order_prod` VALUES ('293', 'ZL180811000064', '15', '新西兰牛卡', '50', '长*宽', '78.7*109.2', '100', '张', '1000', '4.29', '', '', '0', '2018-08-11 18:52:52', '2018-08-11 18:52:52');
INSERT INTO `t_order_prod` VALUES ('294', 'ZL180811000064', '14', '澳洲牛卡', '50', '长*宽', '78.7*109.2', '100', '张', '1000', '4.29', '', '123.123.123.123.123.123', '0', '2018-08-11 18:52:52', '2018-08-11 18:52:52');
INSERT INTO `t_order_prod` VALUES ('295', 'ZL180811000064', '15', '新西兰牛卡', '50', '长*宽', '88.9*119.4', '100', '张', '1000', '5.3', '', '123.123.123', '0', '2018-08-11 18:52:52', '2018-08-11 18:52:52');
INSERT INTO `t_order_prod` VALUES ('296', 'ZL180811000064', '9', '玖龙牛卡', '50', '长*宽', '88.9*119.4', '100', '张', '1000', '5.3', '', '123.123.123', '0', '2018-08-11 18:52:52', '2018-08-11 18:52:52');
INSERT INTO `t_order_prod` VALUES ('297', 'ZL180811000064', '7', '天林精牛', '70', '长*宽', '109.2*78.7', '100', '张', '1000', '6.01', '', '123.123.123', '0', '2018-08-11 18:52:52', '2018-08-11 18:52:52');
INSERT INTO `t_order_prod` VALUES ('298', 'ZL180811000064', '1', '景兴', '70', '宽幅', '78.7', '100', 'KG', '1000', '100', '', '123.123.123.', '0', '2018-08-11 18:52:52', '2018-08-11 18:52:52');
INSERT INTO `t_order_prod` VALUES ('299', 'ZL180811000064', '16', '芬兰牛卡', '70', '宽幅', '78.7', '100', 'KG', '1000', '100', '', '', '0', '2018-08-11 18:52:52', '2018-08-11 18:52:52');
INSERT INTO `t_order_prod` VALUES ('300', 'ZL180811000065', '1', '景兴', '50', '长*宽', '78.7*109.2', '100', '张', '1000', '4.29', '', '123.123.123.123.123.123.123.123.123.123.123.123.123.123.123.123', '0', '2018-08-11 19:25:40', '2018-08-11 19:25:40');
INSERT INTO `t_order_prod` VALUES ('301', 'ZL180811000065', '14', '澳洲牛卡', '50', '长*宽', '78.7*109.2', '100', '张', '1000', '4.29', '', '', '0', '2018-08-11 19:25:40', '2018-08-11 19:25:40');
INSERT INTO `t_order_prod` VALUES ('302', 'ZL180811000065', '14', '澳洲牛卡', '175', '长*宽', '78.7*109.2', '100', '张', '1000', '15.03', '', '', '0', '2018-08-11 19:25:40', '2018-08-11 19:25:40');
INSERT INTO `t_order_prod` VALUES ('303', 'ZL180811000065', '1', '景兴', '175', '宽幅', '78.7', '100', 'KG', '1000', '100', '', '123.123.123.123', '0', '2018-08-11 19:25:40', '2018-08-11 19:25:40');
INSERT INTO `t_order_prod` VALUES ('304', 'ZL180811000065', '17', '日本黄牛', '175', '宽幅', '78.7', '100', 'KG', '1000', '100', '', '123.123.123.123.', '0', '2018-08-11 19:25:40', '2018-08-11 19:25:40');
INSERT INTO `t_order_prod` VALUES ('305', 'ZL180811000065', '15', '新西兰牛卡', '175', '长*宽', '78.7*109.2', '100', '张', '1000', '15.03', '', '', '0', '2018-08-11 19:25:40', '2018-08-11 19:25:40');
INSERT INTO `t_order_prod` VALUES ('306', 'ZL180811000065', '14', '澳洲牛卡', '175', '宽幅', '78.7', '100', 'KG', '1000', '100', '', '123.123.123.123.123.123.123.123', '0', '2018-08-11 19:25:40', '2018-08-11 19:25:40');
INSERT INTO `t_order_prod` VALUES ('307', 'ZL180811000065', '15', '新西兰牛卡', '160', '长*宽', '88.9*119.4', '100', '张', '1000', '16.98', '', '123.123.123.123', '0', '2018-08-11 19:25:40', '2018-08-11 19:25:40');
INSERT INTO `t_order_prod` VALUES ('308', 'ZL180811000065', '8', '天竹精牛', '160', '长*宽', '88.9*119.4', '100', '张', '1000', '16.98', '', '', '0', '2018-08-11 19:25:40', '2018-08-11 19:25:40');
INSERT INTO `t_order_prod` VALUES ('309', 'ZL180811000066', '1', '景兴', '50', '长*宽', '78.7*109.2', '100', '张', '1000', '4.29', 'dsa', '123.123.123.123.123.123.123.123.123.123.123.123.123.123.123.123.123.123.123.123.123.123.123.123', '0', '2018-08-11 19:31:03', '2018-08-11 19:31:03');
INSERT INTO `t_order_prod` VALUES ('310', 'ZL180811000066', '3', '双面浅牛', '130', '长*宽', '78.7*109.2', '100', '张', '10003', '111.75', 'sdfs', '123.123.123.123.123.123.123.123', '0', '2018-08-11 19:31:03', '2018-08-11 19:31:03');
INSERT INTO `t_order_prod` VALUES ('311', 'ZL180811000066', '3', '双面浅牛', '90', '长*宽', '109.2*78.7', '200', '张', '3223', '49.85', 'sdaf', '123.123.123.123', '0', '2018-08-11 19:31:03', '2018-08-11 19:31:03');
INSERT INTO `t_order_prod` VALUES ('312', 'ZL180811000066', '4', '包装纸', '90', '宽幅', '109.2', '100', 'KG', '1000', '100', 'dsa', '123.123.123.123.123.123.123.123.123.123.123.123', '0', '2018-08-11 19:31:03', '2018-08-11 19:31:03');
INSERT INTO `t_order_prod` VALUES ('313', 'ZL180811000066', '7', '天林精牛', '90', '宽幅', '109.2', '1003', 'KG', '10003', '10033', '', '123.123.123.123.', '0', '2018-08-11 19:31:03', '2018-08-11 19:31:03');
INSERT INTO `t_order_prod` VALUES ('314', 'ZL180811000066', '9', '玖龙牛卡', '115', '长*宽', '109.2*78.7', '100', '张', '1000', '9.88', 'dfds', '123.123.123.123.', '0', '2018-08-11 19:31:03', '2018-08-11 19:31:03');
INSERT INTO `t_order_prod` VALUES ('315', 'ZL180811000066', '6', '双牛', '115', '宽幅', '88.9', '1002', 'KG', '10043', '10063.08', '', '123.123.123.123.123.123.123.123.', '0', '2018-08-11 19:31:03', '2018-08-11 19:31:03');
INSERT INTO `t_order_prod` VALUES ('316', 'ZL180811000066', '10', '海龙牛卡', '115', '长*宽', '78.7*109.2', '1002', '张', '10002', '990.48', 's', '123.123.123.123.', '0', '2018-08-11 19:31:03', '2018-08-11 19:31:03');
INSERT INTO `t_order_prod` VALUES ('317', 'ZL180811000066', '9', '玖龙牛卡', '126', '长*宽', '78.7*109.2', '100', '张', '10002', '108.3', '魂牵梦萦需要', '123.123.123.123', '0', '2018-08-11 19:31:03', '2018-08-11 19:31:03');
INSERT INTO `t_order_prod` VALUES ('318', 'ZL180811000066', '11', '地龙牛卡', '100', '宽幅', '109.2', '1002', 'KG', '1003', '1005', '', '123.123.123.123.123.123.123.123', '0', '2018-08-11 19:31:03', '2018-08-11 19:31:03');
INSERT INTO `t_order_prod` VALUES ('319', 'ZL180811000066', '13', '美牛GP', '126', '长*宽', '109.2*78.7', '1002', '张', '10003', '1085.34', '', '123.123.123.123.123.123.123.123', '0', '2018-08-11 19:31:03', '2018-08-11 19:31:03');
INSERT INTO `t_order_prod` VALUES ('320', 'ZL180811000066', '12', '美国牛卡', '126', '宽幅', '109.2', '1002', 'KG', '10004', '10024', '压力', '123.123.123.123.123.123.123.123', '0', '2018-08-11 19:31:03', '2018-08-11 19:31:03');
INSERT INTO `t_order_prod` VALUES ('321', 'ZL180811000066', '14', '澳洲牛卡', '126', '长*宽', '109.2*78.7', '100', '张', '1000', '10.82', '在ds', '123.123.123.123.123.123.123.123', '0', '2018-08-11 19:31:03', '2018-08-11 19:31:03');
INSERT INTO `t_order_prod` VALUES ('322', 'ZL180811000066', '14', '澳洲牛卡', '150', '长*宽', '109.2*78.7', '100', '张', '1000', '12.89', '', '123.123.123.123.123.123.123.123', '0', '2018-08-11 19:31:03', '2018-08-11 19:31:03');
INSERT INTO `t_order_prod` VALUES ('323', 'ZL180811000066', '15', '新西兰牛卡', '150', '长*宽', '109.2*78.7', '1023', '张', '10002', '1319.01', '', '123.123.123.123.123.123.123.123', '0', '2018-08-11 19:31:03', '2018-08-11 19:31:03');
INSERT INTO `t_order_prod` VALUES ('324', 'ZL180820000067', '1', '景兴', '50', '长*宽', '787*1092', '100', '张', '1000', '4.29', '', '', '0', '2018-08-20 13:03:59', '2018-08-20 13:03:59');
INSERT INTO `t_order_prod` VALUES ('325', 'ZL180820000067', '6', '双牛', '50', '长*宽', '787*1092', '100', '张', '1000', '4.29', '', '', '0', '2018-08-20 13:03:59', '2018-08-20 13:03:59');
INSERT INTO `t_order_prod` VALUES ('326', 'ZL180820000067', '12', '美国牛卡', '50', '长*宽', '787*1092', '100', '张', '1000', '4.29', '', '', '0', '2018-08-20 13:03:59', '2018-08-20 13:03:59');
INSERT INTO `t_order_prod` VALUES ('327', 'ZL180820000068', '1', '景兴', '50', '长*宽', '787*1092', '100', '张', '1000', '4.29', '', '', '0', '2018-08-20 13:09:27', '2018-08-20 13:09:27');
INSERT INTO `t_order_prod` VALUES ('328', 'ZL180820000068', '5', '打包纸', '50', '长*宽', '787*1092', '100', '张', '1000', '4.29', '', '', '0', '2018-08-20 13:09:27', '2018-08-20 13:09:27');
INSERT INTO `t_order_prod` VALUES ('329', 'ZL180820000069', '1', '景兴', '50', '长*宽', '787*1092', '100', '张', '1000', '4.29', '', '', '0', '2018-08-20 14:33:31', '2018-08-20 14:33:31');
INSERT INTO `t_order_prod` VALUES ('330', 'ZL180820000069', '1', '景兴', '50', '长*宽', '787*1092', '100', '张', '1000', '4.29', '', '', '0', '2018-08-20 14:33:31', '2018-08-20 14:33:31');
INSERT INTO `t_order_prod` VALUES ('331', 'ZL180822000070', '1', '景兴', '250', '长*宽', '711*555', '500', '张', '6450', '318.15', '', '', '0', '2018-08-22 19:22:48', '2018-08-22 19:22:48');
INSERT INTO `t_order_prod` VALUES ('332', 'ZL180928000071', '1', '景兴', '50', '长*宽', '787*1092', '1003', '张', '1000', '43.09', '', '100,500,300,100,3..', '0', '2018-09-28 13:06:20', '2018-09-28 13:06:20');
INSERT INTO `t_order_prod` VALUES ('333', 'ZL180928000071', '1', '景兴', '50', '长*宽', '787*1092', '1003', '张', '10005', '431.2', '', '', '0', '2018-09-28 13:06:20', '2018-09-28 13:06:20');
INSERT INTO `t_order_prod` VALUES ('334', 'ZL180928000072', '17', '日本黄牛', '50', '长*宽', '787*1092', '1573', '张', '16705', '1129.12', '', '', '0', '2018-09-28 14:43:07', '2018-09-28 14:43:07');
INSERT INTO `t_order_prod` VALUES ('335', 'ZL180928000072', '9', '玖龙牛卡', '50', '长*宽', '787*1092', '1067', '张', '6450', '295.72', '', '', '0', '2018-09-28 14:43:07', '2018-09-28 14:43:07');
INSERT INTO `t_order_prod` VALUES ('336', 'ZL180928000073', '1', '景兴', '210', '宽幅', '787', '1566', 'KG', '10344', '16198.7', '', '', '0', '2018-09-28 15:58:28', '2018-09-28 15:58:28');
INSERT INTO `t_order_prod` VALUES ('337', 'ZL180928000073', '14', '澳洲牛卡', '210', '长*宽', '787*1092', '1089', '张', '6450', '1267.66', '', '', '0', '2018-09-28 15:58:28', '2018-09-28 15:58:28');
INSERT INTO `t_order_prod` VALUES ('338', 'ZL180928000073', '14', '澳洲牛卡', '210', '宽幅', '787', '1003', 'KG', '6450', '6469.35', '', '', '0', '2018-09-28 15:58:28', '2018-09-28 15:58:28');
INSERT INTO `t_order_prod` VALUES ('339', 'ZL181011000074', '1', '景兴', '50', '长*宽', '787*1092', '1003', '张', '1000', '43.1', '', '', '0', '2018-10-11 15:12:37', '2018-10-11 15:12:37');
INSERT INTO `t_order_prod` VALUES ('340', 'ZL181011000074', '4', '包装纸', '115', '宽幅', '787', '1078', 'KG', '1067', '1150.23', '', '', '0', '2018-10-11 15:12:37', '2018-10-11 15:12:37');
INSERT INTO `t_order_prod` VALUES ('341', 'ZL181011000075', '1', '景兴', '50', '长*宽', '787*1092', '1047', '张', '11043', '496.82', '', '', '0', '2018-10-11 15:14:54', '2018-10-11 15:14:54');
INSERT INTO `t_order_prod` VALUES ('342', 'ZL190109000076', '1', '景兴', '50', '长*宽', '787*1092', '100', '张', '6450', '27.72', '', '', '0', '2019-01-09 15:00:02', '2019-01-09 15:00:02');
INSERT INTO `t_order_prod` VALUES ('343', 'ZL190109000077', '15', '新西兰牛卡', '50', '长*宽', '787*1092', '1003', '张', '6450', '277.99', '', '', '0', '2019-01-09 15:01:03', '2019-01-09 15:01:03');
INSERT INTO `t_order_prod` VALUES ('344', 'ZL190131000078', '4', '包装纸', '95', '长*宽', '889*1194', '1003', '张', '6450', '652.36', '', '', '0', '2019-01-31 22:55:41', '2019-01-31 22:55:41');

-- ----------------------------
-- Table structure for `t_product`
-- ----------------------------
DROP TABLE IF EXISTS `t_product`;
CREATE TABLE `t_product` (
  `id` int(12) NOT NULL auto_increment,
  `prod_name` varchar(2000) NOT NULL COMMENT '产品名称',
  `memo` varchar(3000) default NULL COMMENT '描述',
  `create_time` datetime default NULL COMMENT '创建时间',
  `update_time` datetime default NULL COMMENT '修改时间',
  `state` int(2) default '0' COMMENT '状态：0：正常，-1：下线',
  PRIMARY KEY  (`id`)
) ENGINE=InnoDB DEFAULT CHARSET=utf8 COMMENT='产品配置表';

-- ----------------------------
-- Records of t_product
-- ----------------------------
INSERT INTO `t_product` VALUES ('1', '景兴', '', '2018-05-12 15:19:28', '2018-06-05 20:34:36', '0');
INSERT INTO `t_product` VALUES ('2', '双面红牛', '', '2018-05-12 15:20:28', '2018-06-05 20:34:06', '0');
INSERT INTO `t_product` VALUES ('3', '双面浅牛', '', '2018-06-05 20:34:25', '2018-06-05 20:34:25', '0');
INSERT INTO `t_product` VALUES ('4', '包装纸', ' ', '2018-06-28 20:39:26', '2018-06-28 20:39:56', '0');
INSERT INTO `t_product` VALUES ('5', '打包纸', ' ', '2018-06-28 20:39:28', '2018-06-28 20:39:58', '0');
INSERT INTO `t_product` VALUES ('6', '双牛', ' ', '2018-06-28 20:39:30', '2018-06-28 20:40:01', '0');
INSERT INTO `t_product` VALUES ('7', '天林精牛', ' ', '2018-06-28 20:39:32', '2018-06-28 20:40:02', '0');
INSERT INTO `t_product` VALUES ('8', '天竹精牛', ' ', '2018-06-28 20:39:35', '2018-06-28 20:40:04', '0');
INSERT INTO `t_product` VALUES ('9', '玖龙牛卡', ' ', '2018-06-28 20:39:36', '2018-06-28 20:40:06', '0');
INSERT INTO `t_product` VALUES ('10', '海龙牛卡', ' ', '2018-06-28 20:39:38', '2018-06-28 20:40:08', '0');
INSERT INTO `t_product` VALUES ('11', '地龙牛卡', ' ', '2018-06-28 20:39:39', '2018-06-28 20:40:10', '0');
INSERT INTO `t_product` VALUES ('12', '美国牛卡', ' ', '2018-06-28 20:39:41', '2018-06-28 20:40:11', '0');
INSERT INTO `t_product` VALUES ('13', '美牛GP', ' ', '2018-06-28 20:39:43', '2018-06-28 20:40:13', '0');
INSERT INTO `t_product` VALUES ('14', '澳洲牛卡', ' ', '2018-06-28 20:39:45', '2018-06-28 20:40:15', '0');
INSERT INTO `t_product` VALUES ('15', '新西兰牛卡', ' ', '2018-06-28 20:39:46', '2018-06-28 20:40:18', '0');
INSERT INTO `t_product` VALUES ('16', '芬兰牛卡', ' ', '2018-06-28 20:39:48', '2018-06-28 20:40:19', '0');
INSERT INTO `t_product` VALUES ('17', '日本黄牛', ' ', '2018-06-28 20:39:50', '2018-06-28 20:40:21', '0');
INSERT INTO `t_product` VALUES ('18', '俄罗斯牛卡', ' ', '2018-06-28 20:39:52', '2018-06-28 20:40:23', '0');
INSERT INTO `t_product` VALUES ('19', '单面牛卡', ' ', '2018-06-28 20:39:54', '2018-06-28 20:40:25', '0');
INSERT INTO `t_product` VALUES ('20', '自定义', ' ', '2018-06-29 13:14:28', '2018-06-29 13:14:29', '0');

-- ----------------------------
-- Table structure for `t_product_attr`
-- ----------------------------
DROP TABLE IF EXISTS `t_product_attr`;
CREATE TABLE `t_product_attr` (
  `id` int(12) NOT NULL auto_increment,
  `prod_attr_name` varchar(255) NOT NULL COMMENT '产品属性名称',
  `sec` int(3) default NULL COMMENT '排序',
  `value_type` int(11) default '3' COMMENT '产品属性类型：0-列表值、1-取值范围、3-编辑框',
  `value_list` varchar(300) default NULL COMMENT '产品属性值列表：当value_type=0，该字段有意义，编码中间逗号分隔',
  `value_description` varchar(1000) default NULL COMMENT '产品属性值显示值:当value_type=0，该字段有意义，编码对应显示值中间逗号分隔',
  `value_default` varchar(30) default NULL COMMENT '产品属性值默认值',
  `value_range` varchar(100) default NULL COMMENT '产品属性值取值范围',
  `value_begin` varchar(20) default NULL COMMENT '产品属性值开始值:当value_type=1，该字段有意义，表示范围的起始点，闭区间',
  `value_end` varchar(20) default NULL COMMENT '产品属性值结束值:当value_type=1，该字段有意义，表示范围的结束点，闭区间',
  `create_time` datetime default NULL COMMENT '创建时间',
  `update_time` datetime default NULL COMMENT '修改时间',
  `state` int(2) default '0' COMMENT '状态：0：正常，-1：下线',
  `memo` varchar(1000) default NULL COMMENT '备注',
  PRIMARY KEY  (`id`)
) ENGINE=InnoDB DEFAULT CHARSET=utf8 COMMENT='产品属性配置表';

-- ----------------------------
-- Records of t_product_attr
-- ----------------------------
INSERT INTO `t_product_attr` VALUES ('1', '克重', '1', '1', '50,60,70,80,90,95,100,110,115,120,126,130,140,150,160,170,175,180,190,200,210,220,230,250,280,295,300,337,345,350,400,440,445,450,-1', '50,60,70,80,90,95,100,110,115,120,126,130,140,150,160,170,175,180,190,200,210,220,230,250,280,295,300,337,345,350,400,440,445,450,自定义', null, null, null, null, '2018-05-12 15:23:22', '2018-05-12 15:23:24', '0', null);
INSERT INTO `t_product_attr` VALUES ('2', '规格', '3', '3', '787*1092,889*1194,1092*787,1194*889,-1,787,889,1092,1194', '787*1092,889*1194,1092*787,1194*889,自定义,787,889,1092,1194', null, null, null, null, '2018-05-12 15:23:39', '2018-05-12 15:23:41', '0', '(厘米)');
INSERT INTO `t_product_attr` VALUES ('3', '数量', '4', '3', null, null, null, null, null, null, '2018-05-12 15:24:01', '2018-05-12 15:24:03', '0', null);
INSERT INTO `t_product_attr` VALUES ('4', '单位', '5', '1', '张,KG', '张,KG', null, null, null, null, '2018-06-29 09:22:32', null, '0', '与规格类型相关，长*宽：张、宽幅：KG');
INSERT INTO `t_product_attr` VALUES ('5', '单价', '6', '3', null, null, null, null, null, null, '2018-06-29 09:22:34', null, '0', '(元/吨)');
INSERT INTO `t_product_attr` VALUES ('6', '金额', '7', '3', null, null, null, null, null, null, '2018-06-29 09:22:36', null, '0', null);
INSERT INTO `t_product_attr` VALUES ('7', '备注', '8', '3', null, null, null, null, null, null, '2018-06-29 09:22:38', null, '0', null);
INSERT INTO `t_product_attr` VALUES ('8', '规格类型', '2', '1', '长*宽,宽幅', '长*宽,宽幅', null, null, null, null, '2018-06-29 09:22:30', null, '0', null);

-- ----------------------------
-- Table structure for `t_salesman`
-- ----------------------------
DROP TABLE IF EXISTS `t_salesman`;
CREATE TABLE `t_salesman` (
  `id` int(12) NOT NULL auto_increment,
  `sales_name` varchar(1000) default NULL COMMENT '业务员名称',
  `sex` varchar(2) default NULL COMMENT '性别：M:男F:女',
  `type` int(2) default NULL COMMENT '业务员类别1:业务员,2:业务经理',
  `address` varchar(3000) default NULL COMMENT '业务员地址',
  `phone` varchar(30) default NULL COMMENT '联系方式',
  `email` varchar(200) default NULL COMMENT '邮箱',
  `create_time` datetime default NULL COMMENT '创建时间',
  `update_time` datetime default NULL COMMENT '修改时间',
  `state` int(1) default '0' COMMENT '-1:已删除0:正常',
  `memo` text COMMENT '备注',
  PRIMARY KEY  (`id`)
) ENGINE=InnoDB DEFAULT CHARSET=utf8 COMMENT='业务员表';

-- ----------------------------
-- Records of t_salesman
-- ----------------------------
INSERT INTO `t_salesman` VALUES ('1', '周天晰', 'F', '1', '广东省佛山', '18732456789', '', '2018-05-12 22:41:33', '2018-06-04 23:14:21', '0', '');
INSERT INTO `t_salesman` VALUES ('2', '王浩', 'M', '1', '广东省中山', '18732432789', '', '2018-05-13 00:27:33', '2018-06-04 21:49:20', '0', '压力');
INSERT INTO `t_salesman` VALUES ('3', '大华中', 'M', '1', '江西省南华市', '13399990019', '', '2018-06-04 21:41:12', '2018-06-05 06:22:37', '0', '模压fe');
INSERT INTO `t_salesman` VALUES ('4', '大华南', 'F', '2', '广东省广州市', '13367896061', '', '2018-06-05 06:34:31', '2018-06-05 06:34:31', '0', '奇怪');
INSERT INTO `t_salesman` VALUES ('5', 'abc', 'M', '1', 'abc', '13399990019', '', '2018-06-28 19:38:50', '2018-06-28 19:38:50', '0', '');

-- ----------------------------
-- Table structure for `t_sequence`
-- ----------------------------
DROP TABLE IF EXISTS `t_sequence`;
CREATE TABLE `t_sequence` (
  `name` varchar(50) NOT NULL COMMENT '序列名称',
  `current_value` bigint(20) unsigned NOT NULL default '0' COMMENT '当前序列值',
  `increment` int(11) NOT NULL default '1' COMMENT '序列自增值',
  `create_time` datetime default NULL,
  PRIMARY KEY  (`name`)
) ENGINE=InnoDB DEFAULT CHARSET=utf8 COMMENT='自增序列记录表';

-- ----------------------------
-- Records of t_sequence
-- ----------------------------
INSERT INTO `t_sequence` VALUES ('ORDER_NUMBER_SEQ', '78', '1', '2018-07-03 11:21:20');

-- ----------------------------
-- Function structure for `sequence_currval`
-- ----------------------------
DROP FUNCTION IF EXISTS `sequence_currval`;
DELIMITER ;;
CREATE DEFINER=`root`@`localhost` FUNCTION `sequence_currval`(seq_name VARCHAR(50)) RETURNS int(11)
    DETERMINISTIC
BEGIN
     DECLARE value INTEGER; 
     SET value = 0; 
     SELECT current_value INTO value 
          FROM t_sequence
          WHERE name = seq_name; 
     RETURN value; 
END
;;
DELIMITER ;

-- ----------------------------
-- Function structure for `sequence_nextval`
-- ----------------------------
DROP FUNCTION IF EXISTS `sequence_nextval`;
DELIMITER ;;
CREATE DEFINER=`root`@`localhost` FUNCTION `sequence_nextval`(seq_name VARCHAR(50)) RETURNS int(11)
    DETERMINISTIC
BEGIN
     UPDATE t_sequence
          SET current_value = current_value + increment 
          WHERE name = seq_name; 
     RETURN sequence_currval(seq_name); 
END
;;
DELIMITER ;

-- ----------------------------
-- Function structure for `sequence_setval`
-- ----------------------------
DROP FUNCTION IF EXISTS `sequence_setval`;
DELIMITER ;;
CREATE DEFINER=`root`@`localhost` FUNCTION `sequence_setval`(seq_name VARCHAR(50), value INTEGER) RETURNS int(11)
    DETERMINISTIC
BEGIN
     UPDATE t_sequence
          SET current_value = value 
          WHERE name = seq_name; 
     RETURN sequence_currval(seq_name); 
END
;;
DELIMITER ;
